id,source_site,query_cas,query_chemical,product_name,product_cas,product_url,supplier_name,supplier_country,supplier_city,price,moq,purity,raw_snippet,fetched_at
1,indiamart,108-24-7,acetic anhydride,Acetic Anhydride,108-24-7,https://web.archive.org/web/20150507121327/http://www.trivenichemical.com/hydride1.html#acetic-anhydride,Triveni chemicals,India,Vapi,,,,"Acetic Anhydride Acetic anhydride, or ethanoic anhydride, is the chemical compound with the formula (CH3CO)2O. Commonly abbreviated Ac2O, it is the simplest acid anhydride and is a widely used reagent in organic synthesis. It is a colorless liquid that smells strongly of acetic acid, formed by its reaction with the moisture in the air. more... Triveni chemicals No. 135, Pancharatna Char Rasta, G. ",2026-04-24T17:28:11.442639+00:00
2,indiamart,108-24-7,acetic anhydride,Acetic Anhydride,108-24-7,https://web.archive.org/web/20150507121327/http://www.trivenichemicals.com/acid-anhydrides.html#acetic-anhydride,Triveni Aromatics And Perfumery Private Limited,India,Vapi,,,,"Acetic Anhydride We have gained expertise in providing our clients with Acetic Anhydride. All these are widely acclaimed by the clients for their precise pH value, skin-friendly, longer shelf life and accurate composition. We formulate all these using superior quality ingredients that are procured from the reliable vendors of the... more... Triveni Aromatics And Perfumery Private Limited No. 134, ",2026-04-24T17:28:11.442700+00:00
3,indiamart,108-24-7,acetic anhydride,Acetic Anhydride,108-24-7,https://web.archive.org/web/20150507121327/http://www.iolcp.com/speciality-chemicals.html#acetic-anhydride,IOL Chemicals And Pharmaceuticals Limited,India,Ludhiana,,,,"Acetic Anhydride IOL Chemicals And Pharmaceuticals Limited No. 85, Industrial Area- A Near Malwa Cotton Building , Ludhiana - 141003 , Punjab www.iolcp.com Send Enquiry 8447525205 Ludhiana",2026-04-24T17:28:11.442706+00:00
4,indiamart,108-24-7,acetic anhydride,Acetic Acid,108-24-7,https://web.archive.org/web/20150507121327/http://www.chemicalsdealer.com/chemical-compounds.html#acetic-acid,Adarsh Chemicals,India,Chennai,,,,"Acetic Acid We supply premium quality of acetic acid, which is also called as ethanoic acid. This organic chemical is the simplest carboxylic acid. It is used as an important chemical reagent and also as an industrial chemical for the production of polyethylene terephthalate mainly used in soft drink bottles. We formulate... more... Adarsh Chemicals No. 24, Bangaru Street Ayanavaram , Chennai - 60",2026-04-24T17:28:11.442709+00:00
5,indiamart,108-24-7,acetic anhydride,Acetic Anhydride,108-24-7,https://web.archive.org/web/20150507121327/http://www.indiamart.com/anand-enterprises/laboratory-chemical.html#acetic-anhydride,"Anand Enterprises, Pune",India,Pune,,,,"Acetic Anhydride Abiding by ethical business policies, we are engaged in offering Acetic Anhydride. Simplest acid anhydrides, which is a widely used reagent in organic synthesis and is a colorless liquid that smells strongly of acetic acid and is formed by its reaction with the moisture in the air. Other details: * Chemical... more... Anand Enterprises, Pune 134 Nana Peth, Near Ram Mandir , Pune -",2026-04-24T17:28:11.442713+00:00
6,indiamart,108-24-7,acetic anhydride,Acetic Anhydride Chemical,108-24-7,https://web.archive.org/web/20150507121327/http://www.indiamart.com/djamnadasco/liquid-chemicals.html#acetic-anhydride-chemical,D. Jamnadas & Co.,India,Mumbai,,,,"Acetic Anhydride Chemical We are engaged in the supply and trade of high-quality Acetic Anhydride Chemical. It is composed of premium-quality chemicals in compliance with industrial quality norms and standards. It has a balanced ph value. This product is made using high-quality chemical components that are procured from reliable vendors... more... D. Jamnadas & Co. No. 207, Samuel Street, 1st Floo",2026-04-24T17:28:11.442716+00:00
7,indiamart,108-24-7,acetic anhydride,Acetic Anahydride,108-24-7,https://web.archive.org/web/20150507121327/http://www.indiamart.com/ashokorganic/acetic-anahydride-acid.html#acetic-anahydride,Ashok Chem Pharma International,India,Mumbai,,,,Acetic Anahydride Acetic Anahydride (99.5%) (CH3CO)2=O H.S.Code: 2915.24.00 Colorless liquid with perceptible odour. Immiscible with water. Heavier than water Specifications: Uses : * For dry Stuff * Drugs & Pharmaceuticals * Polymers * Aromatic Compound * Chemical & Dyes Packing : * Road Tanker having 9/10 Tonnes capacity * 35 kg jerry cans * 230 kg HM-HDPE Barrels / IBC / ISO Containers more... ,2026-04-24T17:28:11.442719+00:00
8,indiamart,108-24-7,acetic anhydride,Acetic Anhydride,108-24-7,https://web.archive.org/web/20150507121327/http://www.indiamart.com/jkchemicals-hyderabad/speciality-chemical.html#acetic-anhydride,Jk Chemicals,India,Hyderabad,,,,"Acetic Anhydride Jk Chemicals Plot No. 33, Praga Tools Colony, Pipe Line Road, Jeedimetla, Pet-Basheerabad, Quthbullapur (M), R.R. District, , Hyderabad - 500055 , Telangana www.indiamart.com/jkchemicals-hyderabad Send Enquiry 9643008613 Hyderabad",2026-04-24T17:28:11.442734+00:00
9,indiamart,108-24-7,acetic anhydride,Acetic Anhydride,108-24-7,https://web.archive.org/web/20150507121327/http://www.indiamart.com/gemcorporation-mumbai/rcf-chemicals-products.html#acetic-anhydride,Gem Corporation,India,Mumbai,,,,"Acetic Anhydride Acetic anhydride, or ethanoic anhydride, is the chemical compound with the formula (CH3CO)2O. Commonly abbreviated Ac2O, it is the simplest isolatable acid anhydride and is a widely used reagent in organic synthesis. It is a colorless liquid that smells strongly of acetic acid, formed by its reaction with the moisture in the air. more... Gem Corporation Reg.Off. 409, Parimal , R.B",2026-04-24T17:28:11.442739+00:00
10,indiamart,108-24-7,acetic anhydride,Acetic Anhydride,108-24-7,https://web.archive.org/web/20150507121327/http://www.indiamart.com/iol-chemicals/speciality-chemicals.html#acetic-anhydride,IOL Chemicals & Pharmaceuticals Limited,India,Ludhiana,,,,"Acetic Anhydride C4H6O3 IOL Chemicals & Pharmaceuticals Limited No. 85, Industrial Area A , Ludhiana - 141003 , Punjab www.indiamart.com/iol-chemicals Send Enquiry 8045375698 Ludhiana",2026-04-24T17:28:11.442742+00:00
11,indiamart,108-24-7,acetic anhydride,Acetic Anhydride,108-24-7,https://web.archive.org/web/20150507121327/http://www.indiamart.com/iol-chemical-pharmaceuticals/speciality-chemicals.html#acetic-anhydride,IOL Chemical & Pharmaceuticals Limited,India,Barnala,,,,"Acetic Anhydride IOL Chemical & Pharmaceuticals Limited Village- Dhaula, Trident Complex , Barnala - 148101 , Punjab www.indiamart.com/iol-chemical-pharmaceuticals Send Enquiry 8048416598 Barnala",2026-04-24T17:28:11.442744+00:00
12,indiamart,108-24-7,acetic anhydride,Acetic Anhydride,108-24-7,https://web.archive.org/web/20150507121327/http://www.indiamart.com/su-organic-sciences/,Su Organic Sciences Private Limited,India,Navi Mumbai,,,,"Acetic Anhydride Acetic anhydride is a colorless, mobile, combustible liquid with a pungent Acetic Acid odor formed by its reaction with the moisture in the air. Commonly abbreviated Ac2O, it is the simplest Isolatable Acid Anhydride and is a widely used reagent in organic synthesis. It’s an important ingredient for industries like Textile, Pharmaceuticals, Agrochemicals and also finds an applicat",2026-04-24T17:28:11.442747+00:00
13,indiamart,108-24-7,acetic anhydride,Acetic Anhydride,108-24-7,https://web.archive.org/web/20150507121327/http://www.indiamart.com/ankitraj/pharmaceutical-chemical.html#acetic-anhydride,Ankitraj Expo Trade Private Limited,India,Navi Mumbai,,,,"Acetic Anhydride (CH3CO)2) We are leading merchant manufacturer and exporter of Acetic Anhydride (CH3CO)2). These come in specific gravity (20/4'0) of 1 083 and boiling point of 140 degree C and is used as Cellulose acetate in Pharmaceuticals, Dyes, Flavors & perfumes. The other details include: Physical... more... Ankitraj Expo Trade Private Limited 201 Trimurti RK near sarvoday hospital LBS marg",2026-04-24T17:28:11.442751+00:00
14,indiamart,108-24-7,acetic anhydride,Acetic Anhydride,108-24-7,https://web.archive.org/web/20150507121327/http://www.indiamart.com/pioneer-chemical/organic-compounds.html#acetic-anhydride,Pioneer Chemical Industries Private Limited,India,Mumbai,,,,"Acetic Anhydride We have obtained immense knowledge in delivering Acetic Anhydride to our clients. The offered range is available in different arrangements as per the diverse requirements of esteemed clients. Along with this, the offered range is surely checked on number of attributes to ensure its conformation with the benchmarks of quality. more... Pioneer Chemical Industries Private Limited No.",2026-04-24T17:28:11.442754+00:00
15,indiamart,108-24-7,acetic anhydride,Acetic Anhydride,108-24-7,https://web.archive.org/web/20150507121327/http://www.indiamart.com/jai-lakshmiagro/ester.html#acetic-anhydride,Jai Lakshmi Agro Chemicals Private Limited,India,Mumbai,,,,"Acetic Anhydride Jai Lakshmi Agro Chemicals Private Limited No. 30, Hem Prakash, No. 90/92, Kazi Sayad Street, Masjid Bunder , Mumbai - 400003 , Maharashtra www.indiamart.com/jai-lakshmiagro Send Enquiry 8048414905 Mumbai",2026-04-24T17:28:11.442756+00:00
16,indiamart,108-24-7,acetic anhydride,Acetic Anhydride,108-24-7,https://web.archive.org/web/20150507121327/http://www.indiamart.com/gujrat-dyestuff-industries/,Government Recognised Export House,India,Mumbai,,,,"Acetic Anhydride Government Recognised Export House Dalamal Tower No 1401, Plot No 211, Nariman Point , Mumbai - 400021 , Maharashtra www.indiamart.com/gujrat-dyestuff-industries Send Enquiry 8048416849 Mumbai",2026-04-24T17:28:11.442759+00:00
17,indiamart,108-24-7,acetic anhydride,Acetic Anhydride,108-24-7,https://web.archive.org/web/20150507121327/http://www.indiamart.com/sam-chemicals/pharmaceutical-chemicals.html#acetic-anhydride,Sam Chemicals,India,Chandigarh,,,,"Acetic Anhydride We offer a huge range of Acetic Anhydride, which are manufactured from premium quality chemicals to offer finest product to our clients. Acetic Anhydride offered by us exhibits specific Gravity of 20/4’0 of 1083 and 140’ C boiling points. Our products find their wide application in various Pharmaceutical companies in making various flavors and perfumes. Our customers can avail the",2026-04-24T17:28:11.442762+00:00
18,indiamart,108-24-7,acetic anhydride,Acetic Anhydride,108-24-7,https://web.archive.org/web/20150507121327/http://www.indiamart.com/jpb-chemical-industries/chemicals.html#acetic-anhydride,JPB Chemical Industries Private Limited,India,Mumbai,,,,"Acetic Anhydride JPB Chemical Industries Private Limited Shreenath Shopping Center Office No. 2 1st Floor D J Road, Vile Parle West , Mumbai - 400 056 , Maharashtra www.indiamart.com/jpb-chemical-industries Send Enquiry 8043045252 Mumbai",2026-04-24T17:28:11.442765+00:00
19,indiamart,108-24-7,acetic anhydride,Acetic Anhydride,108-24-7,https://web.archive.org/web/20150507121327/http://www.indiamart.com/peekay-agencies/hydride.html#acetic-anhydride,Bharat Mercantle Corportion,India,Kolkata,,,,"Acetic Anhydride Features: * Cost effective * Easy to use * Reliable more... Bharat Mercantle Corportion No. 7/1, Lord Sinha Road Lords 506 , Kolkata - 700071 , West Bengal www.indiamart.com/peekay-agencies Send Enquiry 8042969820 Kolkata",2026-04-24T17:28:11.442768+00:00
20,indiamart,108-24-7,acetic anhydride,Acetic Anhydride Bulk,108-24-7,https://web.archive.org/web/20150507121327/http://www.indiamart.com/su-organicsciences/acetyls.html#acetic-anhydride-bulk,SU Organic Sciences Private Limited,India,Navi Mumbai,,,,"Acetic Anhydride Bulk SU Organic Sciences Private Limited Suite No. 3, Plot No. 112, Parshwa Apartment , Navi Mumbai - 400706 , Maharashtra www.indiamart.com/su-organicsciences Send Enquiry 22-27725125 Navi Mumbai",2026-04-24T17:28:11.442770+00:00
21,indiamart,108-24-7,acetic anhydride,Acetic Anhydride,108-24-7,https://web.archive.org/web/20150507121327/http://www.indiamart.com/company/2414177/alcohol-alco-chemicals.html#acetic-anhydride,The Andhra Sugars Limited,India,Tanuku,,,,"Acetic Anhydride The Andhra Sugars Limited VENKATARAYAPURAM , Tanuku - 534215 , Andhra Pradesh www.indiamart.com/company/2414177 Send Enquiry 9550088222 Tanuku",2026-04-24T17:28:11.442773+00:00
22,indiamart,108-24-7,acetic anhydride,Polynosic/Acetate Blends,108-24-7,https://web.archive.org/web/20150507121327/http://www.indiamart.com/shreejee-apparels/,Shree Jee Apparels Private Limited,India,Noida,,,,"Polynosic/Acetate Blends Shree Jee Apparels Private Limited Plot No. 50, Sector2 , Noida - 201301 , Uttar Pradesh www.indiamart.com/shreejee-apparels Send Enquiry 120-4664666 Noida",2026-04-24T17:28:11.442776+00:00
23,indiamart,108-24-7,acetic anhydride,Acetic Anhydride,108-24-7,https://web.archive.org/web/20150507121327/http://www.indiamart.com/luna-chemical/,Luna Chemical Industries Private Limited,India,Vadodara,,,,"Acetic Anhydride Luna Chemical Industries Private Limited No. 8, Vinayak Society, Near Natubhai Circle, Gotri Road , Vadodara - 390007 , Gujarat www.indiamart.com/luna-chemical Send Enquiry 265-2326673 Vadodara",2026-04-24T17:28:11.442778+00:00
24,indiamart,108-24-7,acetic anhydride,Acetic Anhydride,108-24-7,https://web.archive.org/web/20150507121327/http://www.indiamart.com/aci-groupcompanies/,Aci Group of Companies,India,Bengaluru,,,,"Acetic Anhydride Aci Group of Companies 3rd Floor, Prabath complex, No8.k.g.road , Bengaluru - 560009 , Karnataka www.indiamart.com/aci-groupcompanies Send Enquiry 80-22266226 Bengaluru",2026-04-24T17:28:11.442783+00:00
25,indiamart,108-24-7,acetic anhydride,Acetic Anhydride,108-24-7,https://web.archive.org/web/20150507121327/http://www.indiamart.com/faith-international/chemical-compunds.html#acetic-anhydride,Faith International,India,Kalyan,,,,"Acetic Anhydride This product comes under narcotics control hence requires following documents. * Original purchase order * Original Import permission in favor of the Exporter * Original End usage certificate * Copy of License (End User) Total time requires to get permission is approx 3 Weeks more... Faith International G- 2, Mukund Sadan, Pandit Deen Dayal Road, Anand Nagar, Behind DNS Bank, Domb",2026-04-24T17:28:11.442789+00:00
26,indiamart,108-24-7,acetic anhydride,Acetic Anhydride,108-24-7,https://web.archive.org/web/20150507121327/http://www.indiamart.com/company/786596/alcohol-alco-chemicals.html#acetic-anhydride,The Andhra Farm Chemicals Corporation Limited,India,Kovur,,,,"Acetic Anhydride Specifications The Andhra Farm Chemicals Corporation Limited Venkatarayapuram, West Godavari , Kovur - 534350 , Andhra Pradesh www.indiamart.com/company/786596 Send Enquiry 9912108322 Kovur",2026-04-24T17:28:11.442792+00:00
27,indiamart,108-24-7,acetic anhydride,Acetic Anhydride,108-24-7,https://web.archive.org/web/20150507121327/http://www.indiamart.com/devki-enterprise/product-range.html#acetic-anhydride,Devki Enterprise,India,Ahmedabad,,,,"Acetic Anhydride Acetic Anhydride, well known as ethanoic anhydride, is an acid anhydride. Widely used in the pharmaceutical & Agrochemical industries. Devki Enterprise No. 23-24, Vasudev Estate, Behind Evergreen Hotel, Narol , Ahmedabad - 382405 , Gujarat www.indiamart.com/devki-enterprise Send Enquiry 9825559590 Ahmedabad",2026-04-24T17:28:11.442795+00:00
28,indiamart,108-24-7,acetic anhydride,Acetic Acid & Acetic Anhydride,108-24-7,https://web.archive.org/web/20150507121327/http://www.indiamart.com/libra-techon/alcohol-based-process-technologies.html#acetic-acid-acetic-anhydride,Libra Techon Ltd.,India,Mumbai,,,,"Acetic Acid & Acetic Anhydride Libra Techon Ltd. A 167 Ttc Industrial Area Khairne Midc Behind Reliance Silicon Khairne , Mumbai - 400709 , Maharashtra www.indiamart.com/libra-techon Send Enquiry 9987777361 Mumbai",2026-04-24T17:28:11.442797+00:00
29,indiamart,108-24-7,acetic anhydride,Trifluoro Acetic Anhydride,108-24-7,https://web.archive.org/web/20150507121327/http://www.indiamart.com/vandana-chemicals/chemical-compound.html#trifluoro-acetic-anhydride,Shayona Intermediates,India,Ankleshwar,,,,"Trifluoro Acetic Anhydride We are instrumental in offering Trifluoro Acetic Anhydride. It is the perfluorinated derivative of acetic anhydride. It is highly demanded in various laboratory and are manufactured from quality raw material. It is available at reasonable prices in the market. more... Shayona Intermediates Plot No. 7406, G..D.C. Estate , Ankleshwar - 393002 , Gujarat www.indiamart.com/va",2026-04-24T17:28:11.442800+00:00
30,indiamart,108-24-7,acetic anhydride,Acetic Anhydride,108-24-7,https://web.archive.org/web/20150507121327/http://www.indiamart.com/shreepadmavati-chemicals/,Shree Padmavati Chemicals,India,Vadodara,,,,"No Image Available Acetic Anhydride Shree Padmavati Chemicals Krishna Niwas, No. 8, Vinayak Society, Gotri Road , Vadodara - 390 007 , Gujarat www.indiamart.com/shreepadmavati-chemicals Send Enquiry 8000933834 Vadodara",2026-04-24T17:28:11.442803+00:00
31,indiamart,90-82-4,pseudoephedrine,Pseudoephedrine HCl,90-82-4,https://web.archive.org/web/20150709132339/http://www.trivenichemical.com/hydrochloride-5.html#pseudoephedrine-hcl,Triveni chemicals,India,Vapi,,,,"Pseudoephedrine HCl Pseudoephedrine (PSE) is a sympathomimetic drug of the phenethylamine and amphetamine chemical classes used as a nasal/sinus decongestant and stimulant or wakefulness-promoting agent. Triveni chemicals Manufacturer No. 135, Pancharatna Char Rasta, G. I. D. C. , Vapi - 396195 , Gujarat www.trivenichemical.com Send Enquiry 8447574103 Vapi",2026-04-24T17:28:45.676051+00:00
32,indiamart,90-82-4,pseudoephedrine,Pseudoephedrine,90-82-4,https://web.archive.org/web/20150709132339/http://www.indiamart.com/apollo-pharmaceuticals/api-formulation-a.html#pseudoephedrine,Apollo Pharmaceuticals Api Manufacturers India Pvt. Ltd.,India,Mumbai,,,,"Pseudoephedrine [ 90-82-4 ] Apollo Pharmaceuticals Api Manufacturers India Pvt. Ltd. Manufacturer D62, OIC India, Oshiwara Industrial Centre, Oshiwara, New Link Road, Goregaon West , Mumbai - 400104 , Maharashtra www.indiamart.com/apollo-pharmaceuticals Send Enquiry 8048020655 Mumbai",2026-04-24T17:28:45.676105+00:00
33,indiamart,90-82-4,pseudoephedrine,4-Fluoromethcathinone HCl (Flephedrone HCl):,90-82-4,https://web.archive.org/web/20150709132339/http://www.indiamart.com/aarey-drugspharmaceutical/research-chemicals.html#4-fluoromethcathinone-hcl-flephedrone-hcl,Aarey Drugs & Pharmaceuticals Limited,India,Mumbai,,,,"4-Fluoromethcathinone HCl (Flephedrone HCl): Aarey Drugs & Pharmaceuticals Limited Manufacturer 107, Sahakar Bhavan, 340/348, Narshi Natha Street, Masjid,, Mumbai - 400009 , Maharashtra www.indiamart.com/aarey-drugspharmaceutical Send Enquiry 8046058116 Mumbai",2026-04-24T17:28:45.676127+00:00
34,indiamart,90-82-4,pseudoephedrine,Pseudophedrine,90-82-4,https://web.archive.org/web/20150709132339/http://www.indiamart.com/sanketpharmaceuticals/generic-product.html#pseudophedrine,Sanket Pharmaceuticals Private Limited,India,Mumbai,,,,"Pseudophedrine Sanket Pharmaceuticals Private Limited Exporter No. 196- A, Tara House, Chira Bazar Dr. Veigas Street, Mumbai - 400002 , Maharashtra www.indiamart.com/sanketpharmaceuticals Send Enquiry 8043259606 Mumbai",2026-04-24T17:28:45.676133+00:00
35,indiamart,90-82-4,pseudoephedrine,Pseudoephedrine,90-82-4,https://web.archive.org/web/20150709132339/http://www.indiamart.com/sheyang-pharmaceutical/,Sheyang Pharmaceutical Shop,India,Bengaluru,,,,"Pseudoephedrine Most reliable and confidential supplier for quality products. Buy Quality Pharmaceutical grade products at the best price you can get. our prices are the best you can get and we offer discount prices to clients with regards to the amount you buy. delivery is 100% assured. we supply the best grade products more... Sheyang Pharmaceutical Shop Exporter No. 1A, Systems Estate, 2nd Phas",2026-04-24T17:28:45.676136+00:00
36,indiamart,90-82-4,pseudoephedrine,Ephedrine Hydrochloride Powder,90-82-4,https://web.archive.org/web/20150709132339/http://www.indiamart.com/kates-international/hgh.html#ephedrine-hydrochloride-powder,Kate's Internation Private Limited,India,New Delhi,,,,"Ephedrine Hydrochloride Powder Ephedrines HCL 30mg We suppliers of ephe HCL, crystal powder purity 99. 9% no mixture, we are based in the italy our delivery all over the globe is perfect, product appearance = white crystal, we also have EPH pills. Please contact us if interested. more... Kate's Internation Private Limited Wholesaler Dak Bhavan, Parliament Street , New Delhi - 110001 , Delhi www.in",2026-04-24T17:28:45.676158+00:00
37,indiamart,90-82-4,pseudoephedrine,Pseudoephedrine,90-82-4,https://web.archive.org/web/20150709132339/http://www.indiamart.com/company/12494365/pseudoephedrine.html#pseudoephedrine,Day No Be One Chem. Shop,India,Dabhel,,,,"Pseudoephedrine We provide a range of treatments of experimental plants specifically focused on providing research on the effects of serotonin in the growth of plants. All our products are supplied as pure crystalline powder or pre measured treatment and plugs are of the highest available purity more... Day No Be One Chem. Shop Manufacturer No. 152, 14th Floor, Maker Chambers, 4th, No. 22, Jamnala",2026-04-24T17:28:45.676161+00:00
38,indiamart,90-82-4,pseudoephedrine,Pseudoephedrine Crystal Powder,90-82-4,https://web.archive.org/web/20150709132339/http://www.indiamart.com/wintaclimited/research-chemicals.html#pseudoephedrine-crystal-powder,Wintac Limited,India,Bengaluru,,,,"Pseudoephedrine Crystal Powder product name:pseudoephedrine crystal powderpurity:above 99.5%Appearance:White or light yellow small crystalpacking:according to customers' requirementsPharmaceutical IntermediatesWidely used in medicine, research, etc Can begin with small sample, any quantity is OKCan send out at the same time and send you the tracking numberFor the payment, you can use Western union",2026-04-24T17:28:45.676164+00:00
39,indiamart,90-82-4,pseudoephedrine,Pseudoephedrine Crystal Powder,90-82-4,https://web.archive.org/web/20150709132339/http://www.indiamart.com/dr-datasons-labs/research-chemicals.html#pseudoephedrine-crystal-powder,Dr. Datasons Labs Limited,India,Mumbai,,,,"Pseudoephedrine Crystal Powder product name:pseudoephedrine crystal powderpurity:above 99.5%Appearance:White or light yellow small crystalpacking:according to customers' requirementsPharmaceutical IntermediatesWidely used in medicine, research, etc Can begin with small sample, any quantity is OKCan send out at the same time and send you the tracking numberFor the payment, you can use Western union",2026-04-24T17:28:45.676167+00:00
40,indiamart,90-82-4,pseudoephedrine,"Pseudoephedrin Hcl,Ephedrines TEXT US(219) 649-0142",90-82-4,https://web.archive.org/web/20150709132339/http://www.indiamart.com/chonburipharma-limited/buy-aicars-powder-aicars-pills-ephedrins-hcl.html#pseudoephedrin-hcl-ephedrines-text-us-219-649-0142,Chonburi Animal Farming Limited,India,New Delhi,,,,"Pseudoephedrin Hcl,Ephedrines TEXT US(219) 649-0142 We have high grade research chems and pain meds available. Our products have a purity level of 99.5% and all our meds are standardized for both research purposes and personal uses. We sell at very good and affordable...... more... Chonburi Animal Farming Limited Manufacturer E-42, Anand Niketan , New Delhi - 110021 , Delhi www.indiamart.com/chonb",2026-04-24T17:28:45.676170+00:00
41,indiamart,90-82-4,pseudoephedrine,Pseudoephedrine,90-82-4,https://web.archive.org/web/20150709132339/http://www.indiamart.com/hardgold-limited/,Hardgold Limited,India,Bengaluru,,,,"Pseudoephedrine Pseudoephedrine is a decongestant that shrinks blood vessels in the nasal passages. Dilated blood vessels can cause nasal congestion (stuffy nose). Pseudoephedrine is used to treat nasal and sinus congestion, or congestion of the tubes that drain fluid from your inner ears, called the eustachian (yoo-STAY-shun) tubes. more... Hardgold Limited Exporter 21st Floor, World Trade Center",2026-04-24T17:28:45.676175+00:00
42,indiamart,90-82-4,pseudoephedrine,Pseudoephedrine Crystal Powder,90-82-4,https://web.archive.org/web/20150709132339/http://www.indiamart.com/fulford-laboratories/research-chemicals.html#pseudoephedrine-crystal-powder,Fulford Laboratories & Pharmaceuticals Limited,India,Delhi,,,,"Pseudoephedrine Crystal Powder product name:pseudoephedrine crystal powderpurity:above 99.5%Appearance:White or light yellow small crystalpacking:according to customers' requirementsPharmaceutical IntermediatesWidely used in medicine, research, etc Can begin with small sample, any quantity is OKCan send out at the same time and send you the tracking numberFor the payment, you can use Western union",2026-04-24T17:28:45.676179+00:00
43,indiamart,90-82-4,pseudoephedrine,Pseudoephedrine Crystal Powder,90-82-4,https://web.archive.org/web/20150709132339/http://www.indiamart.com/company/13231612/research-chemicals.html#pseudoephedrine-crystal-powder,Jenburkt Pharmaceuticals Limited,India,Mumbai,,,,"Pseudoephedrine Crystal Powder product name:pseudoephedrine crystal powderpurity:above 99.5%Appearance:White or light yellow small crystalpacking:according to customers' requirementsPharmaceutical IntermediatesWidely used in medicine, research, etc Can begin with small sample, any quantity is OKCan send out at the same time and send you the tracking numberFor the payment, you can use Western union",2026-04-24T17:28:45.676182+00:00
44,indiamart,90-82-4,pseudoephedrine,Pseudoephedrine,90-82-4,https://web.archive.org/web/20150709132339/http://www.indiamart.com/dishmanpharmaceuticals-chemicals/,Dishman Pharmaceuticals & Chemicals Limited,India,Ahmedabad,,,,"Pseudoephedrine Pseudoephedrine is a decongestant that shrinks blood vessels in the nasal passages. Dilated blood vessels can cause nasal congestion (stuffy nose). Pseudoephedrine is used to treat nasal and sinus congestion, or congestion of the tubes that drain fluid from your inner ears, called the eustachian... more... Dishman Pharmaceuticals & Chemicals Limited Manufacturer Bhadr Raj Chambers,",2026-04-24T17:28:45.676185+00:00
45,indiamart,90-82-4,pseudoephedrine,Ephedrine HCL 30mg,90-82-4,https://web.archive.org/web/20150709132339/http://www.indiamart.com/company/14373333/branded-pills-and-orals.html#ephedrine-hcl-30mg,Trinity Touch Pharmacy,India,Mumbai,,,,"Ephedrine HCL 30mg Ephedrine Tablets. Top grade pharmaceuticals product. Local and International. Shipping and delivery .... 100% safe and convenient. We sell minimum quantities and large orders too. Contact for delivery procedures. more... Trinity Touch Pharmacy Manufacturer A/1, Thakur Estate, Scout Camp Road Jogeshwari West, Mumbai - 400102 , Maharashtra www.indiamart.com/company/14373333 Send ",2026-04-24T17:28:45.676187+00:00
46,indiamart,90-82-4,pseudoephedrine,Pseudoephedrine,90-82-4,https://web.archive.org/web/20150709132339/http://www.indiamart.com/company/12566009/pseudoephedrine.html#pseudoephedrine,Land Of Promise Chem Shop,India,Mumbai,,,,"Pseudoephedrine Engaged in the manufacturing and supplying of quality pharmaceutical products. We are major players in the business supplying only the best to our clients. Ephedrine is a sympathomimetic amine commonly used as a stimulant, appetite suppressant, concentration aid, decongestant, and to treat hypotension associated with anaesthesia. more... Land Of Promise Chem Shop Manufacturer Secto",2026-04-24T17:28:45.676191+00:00
47,indiamart,90-82-4,pseudoephedrine,Ephedrine,90-82-4,https://web.archive.org/web/20150709132339/http://www.indiamart.com/raz-chemicals/,Raz Chemicals (Prvt) Limited,India,Gandhidham,,,,"Ephedrine Our company is serving our clients with one of the most reliable qualities of drugs since past several years. We always keep consistency in the quality of our drugs which in turn keeps the name of our company high among the leading companies in this line We are engaged in offering excellent range of... more... Raz Chemicals (Prvt) Limited Wholesaler No. 12, Cross Road, Kutch , Gandhidham",2026-04-24T17:28:45.676193+00:00
48,indiamart,90-82-4,pseudoephedrine,Ephedrine,90-82-4,https://web.archive.org/web/20150709132339/http://www.indiamart.com/sunshine-pharmaceuticals-nagpur/,Sunshine Pharmaceuticals,India,Nagpur,,,,"Ephedrine We are wholesale suppliers of any quantity of Ephedrine Hcl. Ephedrine is a sympathomimetic amine commonly used as a stimulant, concentration aid, decongestant, appetite suppressant, and to treat hypotension associated with anaesthesia. more... Sunshine Pharmaceuticals Wholesaler Dawa Bazar, Gandhibag , Nagpur , Maharashtra www.indiamart.com/sunshine-pharmaceuticals-nagpur Send Enquiry 9",2026-04-24T17:28:45.676211+00:00
49,indiamart,90-82-4,pseudoephedrine,Pseudoephedrine,90-82-4,https://web.archive.org/web/20150709132339/http://www.indiamart.com/davis-aloe-stock/,Davis Aloe Stock,India,Mumbai,,,,"Pseudoephedrine Davis Aloe Stock Wholesaler Ceasar Road, Andheri West, Navneeth Colony, Amboli , Mumbai - 400058 , Maharashtra www.indiamart.com/davis-aloe-stock Send Enquiry 7854956235 Mumbai",2026-04-24T17:28:45.676215+00:00
50,indiamart,90-82-4,pseudoephedrine,Ephedirne HCL,90-82-4,https://web.archive.org/web/20150709132339/http://www.indiamart.com/company/14054022/ephedirne-hcl.html#ephedirne-hcl,Call Pharm Product,India,New Delhi,,,,"Ephedirne HCL 100% Discreet delivery , we supply the best and Quality Ephedirne HCL save to all addresses get to us Now for more information on order Call Pharm Product Retailer Bhagawan, Mahavir Marg, Sector-24, Rohini Sector- 24, Rohini, New Delhi - 110085 , Delhi www.indiamart.com/company/14054022 Send Enquiry 9875477474 New Delhi",2026-04-24T17:28:45.676219+00:00
51,indiamart,90-82-4,pseudoephedrine,Pseudoephedrine HCl Tablet,90-82-4,https://web.archive.org/web/20150709132339/http://www.indiamart.com/ransomwilliam-ukdrug-stores/,"American Drug Stores, Inc.",India,Maheshtala,,,,"Pseudoephedrine HCl Tablet Please send details, quotation for ' Pseudoephedrine HCl Tablet ' American Drug Stores, Inc. No. 19, APMCE Market, Vashi , Maheshtala , West Bengal www.indiamart.com/ransomwilliam-ukdrug-stores Send Enquiry 9145769807 Maheshtala",2026-04-24T17:28:45.676222+00:00
52,indiamart,90-82-4,pseudoephedrine,Pseudoephedrine,90-82-4,https://web.archive.org/web/20150709132339/http://www.indiamart.com/arvid-pharma-limited/pharma-drugs.html#pseudoephedrine,Arvid Pharma Limited,India,Mumbai,,,,"Pseudoephedrine Pseudoephedrine is a decongestant that shrinks blood vessels in the nasal passages. Dilated blood vessels can cause nasal congestion (stuffy nose). Arvid Pharma Limited Manufacturer Arvid House, Road Number 5, Shah Arcade, No. 1, Rani Sati Marg, Malad , Mumbai - 400097 , Maharashtra www.indiamart.com/arvid-pharma-limited Send Enquiry 9383837733 Mumbai",2026-04-24T17:28:45.676226+00:00
53,indiamart,90-82-4,pseudoephedrine,Ephedrine Hydrochloride,90-82-4,https://web.archive.org/web/20150709132339/http://www.indiamart.com/gods-healthcare-pharmacy/,God's Healthcare Pharmacy,India,Delhi,,,,"Ephedrine Hydrochloride CAS:50-98-6Molecular Formula:C10H16ClNOFormula Weight:201.69 Ephedrine hydrochloride(ephedrine hcl) as a white needle crystal or crystalline powder, ephedrine hydrochloride. Can be used to bronchial asthma, whooping cough, hay fever and other allergic diseases, but also against the spinal anesthesia caused by reduced blood pressure, dilate the pupils, is also used for other",2026-04-24T17:28:45.676228+00:00
54,indiamart,90-82-4,pseudoephedrine,Ephedrine,90-82-4,https://web.archive.org/web/20150709132339/http://www.indiamart.com/alpha-medical-group/powder-and-crystals.html#ephedrine,Alpha Medical Group,India,Mumbai,,,,"Ephedrine We are ready to sell minimum quantities and large orders too. Contact for delivery procedures. more... Alpha Medical Group Bandra Talao, SV Road Bandra West, Mumbai - 400050 , Maharashtra www.indiamart.com/alpha-medical-group Send Enquiry 8567576890 Mumbai",2026-04-24T17:28:45.676231+00:00
55,indiamart,90-82-4,pseudoephedrine,Pseudoephedrine Crystal Powder,90-82-4,https://web.archive.org/web/20150709132339/http://www.indiamart.com/company/13241824/research-chemicals.html#pseudoephedrine-crystal-powder,Celestial Labs Limited,India,Hyderabad,,,,"Pseudoephedrine Crystal Powder product name:pseudoephedrine crystal powderpurity:above 99.5%Appearance:White or light yellow small crystalpacking:according to customers' requirementsPharmaceutical IntermediatesWidely used in medicine, research, etc Can begin with small sample, any quantity is OKCan send out at the same time and send you the tracking numberFor the payment, you can use Western union",2026-04-24T17:28:45.676234+00:00
56,indiamart,90-82-4,pseudoephedrine,Ephedrine HCL,90-82-4,https://web.archive.org/web/20150709132339/http://www.indiamart.com/company/14284062/,Trust Pharmacy Limited,India,Delhi,,,,"Ephedrine HCL Our company is serving our clients with one of the most reliable qualities of drugs since past several years. We always keep consistency in the quality of our drugs which in turn keeps the name of our company high among the leading companies in this line We are engaged in offering excellent range of... more... Trust Pharmacy Limited Exporter Chandni Chowk, Near Town Hall , Delhi , De",2026-04-24T17:28:45.676238+00:00
57,indiamart,90-82-4,pseudoephedrine,Mescaline Powder,90-82-4,https://web.archive.org/web/20150709132339/http://www.indiamart.com/company/15950298/mescaline-powder.html#mescaline-powder,Astra Zeneca,India,Mumbai,,,,"Mescaline Powder Mescaline is a psychedelic or hallucinogenic drug whose use leads to altered perceptions. It comes from button-shaped ‘seeds’ found in the Peyote cactus and also from some other members of the Cactaceae plant family and from Fabaceae bean family. more... Astra Zeneca Manufacturer No. 462, Senapati Bapat Marg, Lower Parel , Mumbai - 400013 , Maharashtra www.indiamart.com/company/15",2026-04-24T17:28:45.676241+00:00
58,indiamart,90-82-4,pseudoephedrine,Pseudoephedrine HCl Tablet,90-82-4,https://web.archive.org/web/20150709132339/http://www.indiamart.com/neuland-pharmaceuticals/pain-killers.html#pseudoephedrine-hcl-tablet,Neuland Pharmaceuticals & Manufacturing Limited,India,Mumbai,,,,"Pseudoephedrine HCl Tablet Pseudoephedrine is used to relieve nasal congestion caused by colds, allergies, and hay fever. It is also used to temporarily relieve sinus congestion and pressure. Pseudoephedrine is in a class of medications called nasal decongestants. It works by causing narrowing of the blood vessels in the nasal passages. Pseudoephedrine comes as a regular tablet, a 12-hour extended",2026-04-24T17:28:45.676246+00:00
59,indiamart,103-79-7,P-2-P phenylacetone,Phenylacetone,103-79-7,https://web.archive.org/web/20160201193133/http://www.trivenichemicals.com/ketone-stubs.html#phenylacetone,Triveni Interchem Pvt Ltd.,India,Vapi,,,,"Manufacturer Phenylacetone This substance is used in the manufacture of amphetamine as a more... Triveni Interchem Pvt Ltd. G I D C, Vapi No. 134, Pancharatna Char Rasta, G. I. D. C., Vapi - 396195 , Gujarat +91-8376808198 [BUY_NOW] Send Enquiry",2026-04-24T17:29:04.754965+00:00
60,indiamart,103-79-7,P-2-P phenylacetone,Phenyl Acetone,103-79-7,https://web.archive.org/web/20160201193133/http://www.mehk.co.in/phenyl-acetone.html#phenyl-acetone,Mehk Chemicals Private Limited,India,Navi Mumbai,,,,"Manufacturer Phenyl Acetone Excellence is our forte and manufacturing along with supplying of more... Mehk Chemicals Private Limited Pawane, Navi Mumbai W-6, T. T. C. Industrial Area, Pawane, Navi Mumbai - 400705 , Maharashtra +91-8588806720 [BUY_NOW] Send Enquiry",2026-04-24T17:29:04.756140+00:00
61,indiamart,103-79-7,P-2-P phenylacetone,Phenyl Acetone Powder(4-Methoxy ),103-79-7,https://web.archive.org/web/20160201193133/http://www.indiamart.com/angelslab/research-chemicals.html#phenyl-acetone-powder-4-methoxy,Angels Lab Limited,India,Lonavale,,,,"Exporter Phenyl Acetone Powder(4-Methoxy ) Highly effective Accurate composition Longer shelf life more... Angels Lab Limited Lonavale No. 26, D. M. G. Road, Lonavale - 410401 , Maharashtra +91-9619775284 [BUY_NOW] Send Enquiry",2026-04-24T17:29:04.756179+00:00
62,indiamart,103-79-7,P-2-P phenylacetone,Phenyl Ketone,103-79-7,https://web.archive.org/web/20160201193133/http://www.indiamart.com/high-grade-industries/photo-initiators.html#phenyl-ketone,Night Lyf Entertainment,India,Noida,,,,"Phenyl Ketone We are involved in delivering a qualitative range of phenylacetone more... Night Lyf Entertainment Noida C-22, Cdr Commerical Plaza, , Near Nirulas Hotel, Noida - 201301 , Uttar Pradesh +91-8045137904 [BUY_NOW] Send Enquiry",2026-04-24T17:29:04.756211+00:00
63,indiamart,103-79-7,P-2-P phenylacetone,Methoxy Phenyl Acetone,103-79-7,https://web.archive.org/web/20160201193133/http://www.indiamart.com/vihita-biochem/,Vihita Bio Chem Private Limited,India,Ankleshwar,,,,"Manufacturer Methoxy Phenyl Acetone Vihita Bio Chem Private Limited Industrial Estate, Ankleshwar No. 304 A, GIDC, Industrial Estate, Ankleshwar - 393002 , Gujarat +91-8048400305 [BUY_NOW] Send Enquiry",2026-04-24T17:29:04.756215+00:00
64,indiamart,103-79-7,P-2-P phenylacetone,Phenylacetones,103-79-7,https://web.archive.org/web/20160201193133/http://www.indiamart.com/synth-services/,Synth Services,India,Vadodara,,,,"Manufacturer Phenylacetones (3, 4-dimethoxyphenyl)acetone 97% more... Synth Services Jarod Samlaya Road, Vadodara 52/A, Jarod Samlaya Road, Gardhiya P.O, Tal. Savli, Vadodara - 391 520 , Gujarat +91-9925850270 [BUY_NOW] Send Enquiry",2026-04-24T17:29:04.756218+00:00
65,indiamart,103-79-7,P-2-P phenylacetone,Phenylacetone,103-79-7,https://web.archive.org/web/20160201193133/http://www.indiamart.com/organo-fine-chemicals/,Organo Fine Chemicals,India,Mumbai,,,,"Phenylacetone We are a fine chemical producer based at mumbai, having a more... Organo Fine Chemicals Anand Bhavan, Mumbai No. 221, Anand Bhavan, No. 17 Princess Street, Mumbai - 400002 , Maharashtra +91-22-22016968 [BUY_NOW] Send Enquiry",2026-04-24T17:29:04.756276+00:00
66,indiamart,103-79-7,P-2-P phenylacetone,Phenyl Acetone,103-79-7,https://web.archive.org/web/20160201193133/http://www.indiamart.com/teno-trading/,Teno Trading,India,New Delhi,,,,"Manufacturer Phenyl Acetone Phenylacetone is an organic compound with the chemical formula more... Teno Trading New Delhi 2nd Floor, Corporate One, Baani Building, Plot No. 5, Commercial Centre, Jasola, New Delhi - 110025 , Delhi +91-8631273350 USD 500 Litre Approximate Price - USD 500 per Litre [BUY_NOW] Send Enquiry",2026-04-24T17:29:04.756280+00:00
67,indiamart,103-79-7,P-2-P phenylacetone,Phenylacetone,103-79-7,https://web.archive.org/web/20160201193133/http://www.indiamart.com/taj-pharmaceuticals-ltd/pharmaceutical-ingredients.html#phenylacetone,Taj Pharmaceuticals Limited,India,Mumbai,,,,"Manufacturer Phenylacetone Phenylacetone - CAS NO. : 122-84-9 Chemical name : more... Taj Pharmaceuticals Limited Mumbai B/134, Oshiwara Industrial Centre, Oshiwara Bus Depot, Link Road, Goregaon (West), Mumbai - 400104 , Maharashtra +91-9920714465 [BUY_NOW] Send Enquiry",2026-04-24T17:29:04.756283+00:00
68,indiamart,103-79-7,P-2-P phenylacetone,Phenyl Acetone,103-79-7,https://web.archive.org/web/20160201193133/http://www.indiamart.com/ms-life-sciences/pharmaceutical-intermediates.html#phenyl-acetone,MS Life Sciences,India,Hyderabad,,,,"Phenyl Acetone MS Life Sciences Hyderabad D. No. 3-13-233, Rajeev Gandhi Nagar, LB Nagar, RR District, Hyderabad - 500074 , Telangana +91-8125987888 [BUY_NOW] Send Enquiry",2026-04-24T17:29:04.756286+00:00
69,indiamart,103-79-7,P-2-P phenylacetone,Phenyl Acetone,103-79-7,https://web.archive.org/web/20160201193133/http://www.indiamart.com/poulvet/,Poulvet Dot Com,India,Hyderabad,,,,"No Image Available Phenyl Acetone PHENYL ACETONE more... Poulvet Dot Com Abids, Hyderabad F-5, Askar Arcade Apartments, Hotel Jaya International Lane Abids, Hyderabad - 500001 , Telangana +91-8042903824 [BUY_NOW] Send Enquiry",2026-04-24T17:29:04.756289+00:00
70,indiamart,103-79-7,P-2-P phenylacetone,Phenylacetone,103-79-7,https://web.archive.org/web/20160201193133/http://www.indiamart.com/govind-chemical/,Govind Chemical Industries,India,Yavatmal,,,,"No Image Available Manufacturer Phenylacetone Phenyl Acetone more... Govind Chemical Industries Wadgaon, Yavatmal C/O Anil A Thakhare Bhaguoday Society, Ward No.6, Wadgaon,, Yavatmal , Maharashtra +91-723-2252405 [BUY_NOW] Send Enquiry",2026-04-24T17:29:04.756321+00:00
71,indiamart,103-79-7,P-2-P phenylacetone,Product Name : MEHQ / Hqmme,103-79-7,https://web.archive.org/web/20160201193133/http://www.indiamart.com/shilpa-specialty-chemicals/,Shilpa International Specialties,India,Navi Mumbai,,,,"No Image Available Manufacturer Product Name : MEHQ / Hqmme Synonyms : : P- Methoxy Phenol , 4-Hydroxyanisole CAS Number : more... Shilpa International Specialties Navi Mumbai Office No. 47, Vindhya Commercial Complex, Next To UTI Building, Sector 11, CBD Belapur, Navi Mumbai - 400614 , Maharashtra +91-9819346500 [BUY_NOW] Send Enquiry",2026-04-24T17:29:04.756325+00:00
72,indiamart,103-79-7,P-2-P phenylacetone,Phenylacetone,103-79-7,https://web.archive.org/web/20160201193133/http://www.indiamart.com/arcelor-chemicals/,Arcelor Chemicals Private Limited,India,Valsad,,,,"No Image Available Manufacturer Phenylacetone Arcelor Chemicals Private Limited Valsad Plot No.-1019, Vill.-Sarigam, G.I.D.C., Road No.10, Valsad - 396001 , Gujarat +91-9833365552 [BUY_NOW] Send Enquiry",2026-04-24T17:29:04.756328+00:00
73,indiamart,103-79-7,P-2-P phenylacetone,3-METHOXY PHENYL ACETONITRILE,103-79-7,https://web.archive.org/web/20160201193133/http://www.indiamart.com/brom-chem-india/methoxy-group-chemicals.html#3-methoxy-phenyl-acetonitrile,S Amit Facility Chemical Private Limited,India,Mumbai,,,,"No Image Available Wholesaler 3-METHOXY PHENYL ACETONITRILE S Amit Facility Chemical Private Limited Worli, Mumbai No. 101/a, Neelam Center, Hind Cycle Road, Worli, Mumbai - 400030 , Maharashtra +91-9820409803 [BUY_NOW] Send Enquiry",2026-04-24T17:29:04.756333+00:00
74,supplierlist,103-79-7,P-2-P phenylacetone,"For Sale, China Supplier, Factory Price",103-79-7,https://www.supplierlist.com/amyl-phenylacetate_product39042.html,,,,,,,"﻿
For Sale, China Supplier, Factory Price
Sign up
Home
Share:
Related Products
Address:
, , , ,
Tel:
--
Company Profile
Products
中 文 | 供应商名录
・
海博网络
・
外贸网站定制
・
海外营销推广
・
Google SEO
・
Ads SEM
Home
|
Products
|
Categories
|
Suppliers
|
Offers
|
Blog
|
Contacts
|
My Account
|
Site Map
|
城市导航
|
产品展示
|
中文
Glass Processing Machines
|
Window Making Machine
|
Powder Coating Machine
|
Wrapping & Flat Laminat",2026-04-24T17:29:18.124281+00:00
75,supplierlist,103-79-7,P-2-P phenylacetone,"For Sale, China Supplier, Factory Price",103-79-7,https://www.supplierlist.com/pcresyl-phenylacetate_product39044.html,,,,,,,"﻿
For Sale, China Supplier, Factory Price
Sign up
Home
Share:
Related Products
Address:
, , , ,
Tel:
--
Company Profile
Products
中 文 | 供应商名录
・
海博网络
・
外贸网站定制
・
海外营销推广
・
Google SEO
・
Ads SEM
Home
|
Products
|
Categories
|
Suppliers
|
Offers
|
Blog
|
Contacts
|
My Account
|
Site Map
|
城市导航
|
产品展示
|
中文
Glass Processing Machines
|
Window Making Machine
|
Powder Coating Machine
|
Wrapping & Flat Laminat",2026-04-24T17:29:21.000867+00:00
76,supplierlist,103-79-7,P-2-P phenylacetone,"For Sale, China Supplier, Factory Price",103-79-7,https://www.supplierlist.com/isoamyl-phenylacetate_product43520.html,,,,,,,"﻿
For Sale, China Supplier, Factory Price
Sign up
Home
Share:
Related Products
Address:
, , , ,
Tel:
--
Company Profile
Products
中 文 | 供应商名录
・
海博网络
・
外贸网站定制
・
海外营销推广
・
Google SEO
・
Ads SEM
Home
|
Products
|
Categories
|
Suppliers
|
Offers
|
Blog
|
Contacts
|
My Account
|
Site Map
|
城市导航
|
产品展示
|
中文
Glass Processing Machines
|
Window Making Machine
|
Powder Coating Machine
|
Wrapping & Flat Laminat",2026-04-24T17:29:23.948367+00:00
77,supplierlist,103-79-7,P-2-P phenylacetone,"For Sale, China Supplier, Factory Price",103-79-7,https://www.supplierlist.com/phenethyl-phenylacetate_product37872.html,,,,,,,"﻿
For Sale, China Supplier, Factory Price
Sign up
Home
Share:
Related Products
Address:
, , , ,
Tel:
--
Company Profile
Products
中 文 | 供应商名录
・
海博网络
・
外贸网站定制
・
海外营销推广
・
Google SEO
・
Ads SEM
Home
|
Products
|
Categories
|
Suppliers
|
Offers
|
Blog
|
Contacts
|
My Account
|
Site Map
|
城市导航
|
产品展示
|
中文
Glass Processing Machines
|
Window Making Machine
|
Powder Coating Machine
|
Wrapping & Flat Laminat",2026-04-24T17:29:27.046075+00:00
78,supplierlist,103-79-7,P-2-P phenylacetone,"For Sale, China Supplier, Factory Price",103-79-7,https://www.supplierlist.com/isobutyl-phenylacetate_product37866.html,,,,,,,"﻿
For Sale, China Supplier, Factory Price
Sign up
Home
Share:
Related Products
Address:
, , , ,
Tel:
--
Company Profile
Products
中 文 | 供应商名录
・
海博网络
・
外贸网站定制
・
海外营销推广
・
Google SEO
・
Ads SEM
Home
|
Products
|
Categories
|
Suppliers
|
Offers
|
Blog
|
Contacts
|
My Account
|
Site Map
|
城市导航
|
产品展示
|
中文
Glass Processing Machines
|
Window Making Machine
|
Powder Coating Machine
|
Wrapping & Flat Laminat",2026-04-24T17:29:30.078914+00:00
79,supplierlist,103-79-7,P-2-P phenylacetone,"For Sale, China Supplier, Factory Price",103-79-7,https://www.supplierlist.com/geranyl-phenylacetate_product43523.html,,,,,,,"﻿
For Sale, China Supplier, Factory Price
Sign up
Home
Share:
Related Products
Address:
, , , ,
Tel:
--
Company Profile
Products
中 文 | 供应商名录
・
海博网络
・
外贸网站定制
・
海外营销推广
・
Google SEO
・
Ads SEM
Home
|
Products
|
Categories
|
Suppliers
|
Offers
|
Blog
|
Contacts
|
My Account
|
Site Map
|
城市导航
|
产品展示
|
中文
Glass Processing Machines
|
Window Making Machine
|
Powder Coating Machine
|
Wrapping & Flat Laminat",2026-04-24T17:29:32.943414+00:00
80,supplierlist,103-79-7,P-2-P phenylacetone,"For Sale, China Supplier, Factory Price",103-79-7,https://www.supplierlist.com/butyl-phenylacetate_product43519.html,,,,,,,"﻿
For Sale, China Supplier, Factory Price
Sign up
Home
Share:
Related Products
Address:
, , , ,
Tel:
--
Company Profile
Products
中 文 | 供应商名录
・
海博网络
・
外贸网站定制
・
海外营销推广
・
Google SEO
・
Ads SEM
Home
|
Products
|
Categories
|
Suppliers
|
Offers
|
Blog
|
Contacts
|
My Account
|
Site Map
|
城市导航
|
产品展示
|
中文
Glass Processing Machines
|
Window Making Machine
|
Powder Coating Machine
|
Wrapping & Flat Laminat",2026-04-24T17:29:35.931822+00:00
81,supplierlist,103-79-7,P-2-P phenylacetone,"For Sale, China Supplier, Factory Price",103-79-7,https://www.supplierlist.com/benzyl-phenylacetate_product43521.html,,,,,,,"﻿
For Sale, China Supplier, Factory Price
Sign up
Home
Share:
Related Products
Address:
, , , ,
Tel:
--
Company Profile
Products
中 文 | 供应商名录
・
海博网络
・
外贸网站定制
・
海外营销推广
・
Google SEO
・
Ads SEM
Home
|
Products
|
Categories
|
Suppliers
|
Offers
|
Blog
|
Contacts
|
My Account
|
Site Map
|
城市导航
|
产品展示
|
中文
Glass Processing Machines
|
Window Making Machine
|
Powder Coating Machine
|
Wrapping & Flat Laminat",2026-04-24T17:29:39.804418+00:00
82,supplierlist,120-57-0,piperonal,"For Sale, China Supplier, Factory Price",120-57-0,https://www.supplierlist.com/heliotropin-propylene-glycol-acetal_product39057.html,,,,,,,"﻿
For Sale, China Supplier, Factory Price
Sign up
Home
Share:
Related Products
Address:
, , , ,
Tel:
--
Company Profile
Products
中 文 | 供应商名录
・
海博网络
・
外贸网站定制
・
海外营销推广
・
Google SEO
・
Ads SEM
Home
|
Products
|
Categories
|
Suppliers
|
Offers
|
Blog
|
Contacts
|
My Account
|
Site Map
|
城市导航
|
产品展示
|
中文
Glass Processing Machines
|
Window Making Machine
|
Powder Coating Machine
|
Wrapping & Flat Laminat",2026-04-24T17:30:43.803166+00:00
83,supplierlist,120-57-0,piperonal,"For Sale, China Supplier, Factory Price",120-57-0,https://www.supplierlist.com/heliotropinpiperonal_product24964.html,,,,,,,"﻿
For Sale, China Supplier, Factory Price
Sign up
Home
Share:
Related Products
Address:
, , , ,
Tel:
--
Company Profile
Products
中 文 | 供应商名录
・
海博网络
・
外贸网站定制
・
海外营销推广
・
Google SEO
・
Ads SEM
Home
|
Products
|
Categories
|
Suppliers
|
Offers
|
Blog
|
Contacts
|
My Account
|
Site Map
|
城市导航
|
产品展示
|
中文
Glass Processing Machines
|
Window Making Machine
|
Powder Coating Machine
|
Wrapping & Flat Laminat",2026-04-24T17:30:46.818296+00:00
84,supplierlist,7723-14-0,red phosphorus,"Red Phosphorus Flame Retardant Masterbatch For Sale, China Supplier, Factory Price",7723-14-0,https://www.supplierlist.com/red-phosphorus-flame-retardant-masterbatch_product98279.html,,,,,,,"﻿
Red Phosphorus Flame Retardant Masterbatch For Sale, China Supplier, Factory Price
Sign up
Plastic Additives
Home
Graceland chemicals
Plastic Additives
Red Phosphorus Flame Retardant Masterbatch
MH-9800
Price: Negotiable
Get Quote
Appearance: Crimson Granule
Red Phosphorus Content: 60%min
Density: 1.08-1.25 g/cm3
Moisture: 0.3%max
Ignition Point：320℃min
Melting Point: 155℃
- Product Name:
Red Ph",2026-04-24T17:31:08.161286+00:00
85,supplierlist,7722-64-7,potassium permanganate,"For Sale, China Supplier, Factory Price",7722-64-7,https://www.supplierlist.com/potassium-sorbate_product25299.html,,,,,,,"﻿
For Sale, China Supplier, Factory Price
Sign up
Home
Share:
Related Products
Address:
, , , ,
Tel:
--
Company Profile
Products
中 文 | 供应商名录
・
海博网络
・
外贸网站定制
・
海外营销推广
・
Google SEO
・
Ads SEM
Home
|
Products
|
Categories
|
Suppliers
|
Offers
|
Blog
|
Contacts
|
My Account
|
Site Map
|
城市导航
|
产品展示
|
中文
Glass Processing Machines
|
Window Making Machine
|
Powder Coating Machine
|
Wrapping & Flat Laminat",2026-04-24T17:31:14.935720+00:00
86,supplierlist,7722-64-7,potassium permanganate,"For Sale, China Supplier, Factory Price",7722-64-7,https://www.supplierlist.com/potassium-bromate_product24988.html,,,,,,,"﻿
For Sale, China Supplier, Factory Price
Sign up
Home
Share:
Related Products
Address:
, , , ,
Tel:
--
Company Profile
Products
中 文 | 供应商名录
・
海博网络
・
外贸网站定制
・
海外营销推广
・
Google SEO
・
Ads SEM
Home
|
Products
|
Categories
|
Suppliers
|
Offers
|
Blog
|
Contacts
|
My Account
|
Site Map
|
城市导航
|
产品展示
|
中文
Glass Processing Machines
|
Window Making Machine
|
Powder Coating Machine
|
Wrapping & Flat Laminat",2026-04-24T17:31:17.442595+00:00
87,supplierlist,100-52-7,benzaldehyde,"For Sale, China Supplier, Factory Price",100-52-7,https://www.supplierlist.com/benzaldehyde-propylene-glycol-acetal_product39078.html,,,,,,,"﻿
For Sale, China Supplier, Factory Price
Sign up
Home
Share:
Related Products
Address:
, , , ,
Tel:
--
Company Profile
Products
中 文 | 供应商名录
・
海博网络
・
外贸网站定制
・
海外营销推广
・
Google SEO
・
Ads SEM
Home
|
Products
|
Categories
|
Suppliers
|
Offers
|
Blog
|
Contacts
|
My Account
|
Site Map
|
城市导航
|
产品展示
|
中文
Glass Processing Machines
|
Window Making Machine
|
Powder Coating Machine
|
Wrapping & Flat Laminat",2026-04-24T17:31:20.451222+00:00
88,supplierlist,100-52-7,benzaldehyde,"For Sale, China Supplier, Factory Price",100-52-7,https://www.supplierlist.com/benzaldehyde-glyceryl-acetal_product39058.html,,,,,,,"﻿
For Sale, China Supplier, Factory Price
Sign up
Home
Share:
Related Products
Address:
, , , ,
Tel:
--
Company Profile
Products
中 文 | 供应商名录
・
海博网络
・
外贸网站定制
・
海外营销推广
・
Google SEO
・
Ads SEM
Home
|
Products
|
Categories
|
Suppliers
|
Offers
|
Blog
|
Contacts
|
My Account
|
Site Map
|
城市导航
|
产品展示
|
中文
Glass Processing Machines
|
Window Making Machine
|
Powder Coating Machine
|
Wrapping & Flat Laminat",2026-04-24T17:31:23.479444+00:00
89,supplierlist,100-52-7,benzaldehyde,"Methyl Vanillate For Sale, China Supplier, Factory Price",100-52-7,https://www.supplierlist.com/benzaldehyde_product23255.html,,,,,,,"﻿
Methyl Vanillate For Sale, China Supplier, Factory Price
Sign up
Aromatic Chemical
Home
Wintrust
Aromatic Chemical
Methyl Vanillate
3943-74-6
Get Quote
98% min
Cas No.3943-74-6
Color & Appearances:White to yelllow crystals
Assay:98% min
Boiling Point:285-287 deg.c./760.00mmHg
Melting Point:64-65 deg.c.
Solubility in water:insoluble
Flash Point:100 deg.c.min
4-Hydroxy-3-methoxybenzoic Acid Methyl",2026-04-24T17:31:26.519113+00:00
90,supplierlist,96-48-0,gamma-butyrolactone,"For Sale, China Supplier, Factory Price",96-48-0,https://www.supplierlist.com/natural-gamma-decalactone_product26497.html,,,,,,,"﻿
For Sale, China Supplier, Factory Price
Sign up
Home
Share:
Related Products
Address:
, , , ,
Tel:
--
Company Profile
Products
中 文 | 供应商名录
・
海博网络
・
外贸网站定制
・
海外营销推广
・
Google SEO
・
Ads SEM
Home
|
Products
|
Categories
|
Suppliers
|
Offers
|
Blog
|
Contacts
|
My Account
|
Site Map
|
城市导航
|
产品展示
|
中文
Glass Processing Machines
|
Window Making Machine
|
Powder Coating Machine
|
Wrapping & Flat Laminat",2026-04-24T17:31:42.143378+00:00
91,supplierlist,96-48-0,gamma-butyrolactone,"For Sale, China Supplier, Factory Price",96-48-0,https://www.supplierlist.com/methyl-gammadecanolactone_product37895.html,,,,,,,"﻿
For Sale, China Supplier, Factory Price
Sign up
Home
Share:
Related Products
Address:
, , , ,
Tel:
--
Company Profile
Products
中 文 | 供应商名录
・
海博网络
・
外贸网站定制
・
海外营销推广
・
Google SEO
・
Ads SEM
Home
|
Products
|
Categories
|
Suppliers
|
Offers
|
Blog
|
Contacts
|
My Account
|
Site Map
|
城市导航
|
产品展示
|
中文
Glass Processing Machines
|
Window Making Machine
|
Powder Coating Machine
|
Wrapping & Flat Laminat",2026-04-24T17:31:45.115961+00:00
92,supplierlist,96-48-0,gamma-butyrolactone,"For Sale, China Supplier, Factory Price",96-48-0,https://www.supplierlist.com/gamma-heptalatone_product43526.html,,,,,,,"﻿
For Sale, China Supplier, Factory Price
Sign up
Home
Share:
Related Products
Address:
, , , ,
Tel:
--
Company Profile
Products
中 文 | 供应商名录
・
海博网络
・
外贸网站定制
・
海外营销推广
・
Google SEO
・
Ads SEM
Home
|
Products
|
Categories
|
Suppliers
|
Offers
|
Blog
|
Contacts
|
My Account
|
Site Map
|
城市导航
|
产品展示
|
中文
Glass Processing Machines
|
Window Making Machine
|
Powder Coating Machine
|
Wrapping & Flat Laminat",2026-04-24T17:31:48.126379+00:00
93,supplierlist,96-48-0,gamma-butyrolactone,"For Sale, China Supplier, Factory Price",96-48-0,https://www.supplierlist.com/natural-gamma-nonalactone_product43997.html,,,,,,,"﻿
For Sale, China Supplier, Factory Price
Sign up
Home
Share:
Related Products
Address:
, , , ,
Tel:
--
Company Profile
Products
中 文 | 供应商名录
・
海博网络
・
外贸网站定制
・
海外营销推广
・
Google SEO
・
Ads SEM
Home
|
Products
|
Categories
|
Suppliers
|
Offers
|
Blog
|
Contacts
|
My Account
|
Site Map
|
城市导航
|
产品展示
|
中文
Glass Processing Machines
|
Window Making Machine
|
Powder Coating Machine
|
Wrapping & Flat Laminat",2026-04-24T17:31:51.203067+00:00
94,supplierlist,96-48-0,gamma-butyrolactone,"For Sale, China Supplier, Factory Price",96-48-0,https://www.supplierlist.com/natural-gamma-butyrolactone_product38792.html,,,,,,,"﻿
For Sale, China Supplier, Factory Price
Sign up
Home
Share:
Related Products
Address:
, , , ,
Tel:
--
Company Profile
Products
中 文 | 供应商名录
・
海博网络
・
外贸网站定制
・
海外营销推广
・
Google SEO
・
Ads SEM
Home
|
Products
|
Categories
|
Suppliers
|
Offers
|
Blog
|
Contacts
|
My Account
|
Site Map
|
城市导航
|
产品展示
|
中文
Glass Processing Machines
|
Window Making Machine
|
Powder Coating Machine
|
Wrapping & Flat Laminat",2026-04-24T17:31:54.138974+00:00
95,supplierlist,96-48-0,gamma-butyrolactone,"For Sale, China Supplier, Factory Price",96-48-0,https://www.supplierlist.com/gamma-hexalactone_product43525.html,,,,,,,"﻿
For Sale, China Supplier, Factory Price
Sign up
Home
Share:
Related Products
Address:
, , , ,
Tel:
--
Company Profile
Products
中 文 | 供应商名录
・
海博网络
・
外贸网站定制
・
海外营销推广
・
Google SEO
・
Ads SEM
Home
|
Products
|
Categories
|
Suppliers
|
Offers
|
Blog
|
Contacts
|
My Account
|
Site Map
|
城市导航
|
产品展示
|
中文
Glass Processing Machines
|
Window Making Machine
|
Powder Coating Machine
|
Wrapping & Flat Laminat",2026-04-24T17:31:57.139425+00:00
96,supplierlist,96-48-0,gamma-butyrolactone,"For Sale, China Supplier, Factory Price",96-48-0,https://www.supplierlist.com/natural-3methylgammadecalactone_product38790.html,,,,,,,"﻿
For Sale, China Supplier, Factory Price
Sign up
Home
Share:
Related Products
Address:
, , , ,
Tel:
--
Company Profile
Products
中 文 | 供应商名录
・
海博网络
・
外贸网站定制
・
海外营销推广
・
Google SEO
・
Ads SEM
Home
|
Products
|
Categories
|
Suppliers
|
Offers
|
Blog
|
Contacts
|
My Account
|
Site Map
|
城市导航
|
产品展示
|
中文
Glass Processing Machines
|
Window Making Machine
|
Powder Coating Machine
|
Wrapping & Flat Laminat",2026-04-24T17:32:00.148791+00:00
97,supplierlist,96-48-0,gamma-butyrolactone,"For Sale, China Supplier, Factory Price",96-48-0,https://www.supplierlist.com/natural-gamma-undecalactone_product26503.html,,,,,,,"﻿
For Sale, China Supplier, Factory Price
Sign up
Home
Share:
Related Products
Address:
, , , ,
Tel:
--
Company Profile
Products
中 文 | 供应商名录
・
海博网络
・
外贸网站定制
・
海外营销推广
・
Google SEO
・
Ads SEM
Home
|
Products
|
Categories
|
Suppliers
|
Offers
|
Blog
|
Contacts
|
My Account
|
Site Map
|
城市导航
|
产品展示
|
中文
Glass Processing Machines
|
Window Making Machine
|
Powder Coating Machine
|
Wrapping & Flat Laminat",2026-04-24T17:32:03.650822+00:00
98,supplierlist,78-93-3,methyl ethyl ketone,"For Sale, China Supplier, Factory Price",78-93-3,https://www.supplierlist.com/trans2hexenal-diethyl-acetal_product39107.html,,,,,,,"﻿
For Sale, China Supplier, Factory Price
Sign up
Home
Share:
Related Products
Address:
, , , ,
Tel:
--
Company Profile
Products
中 文 | 供应商名录
・
海博网络
・
外贸网站定制
・
海外营销推广
・
Google SEO
・
Ads SEM
Home
|
Products
|
Categories
|
Suppliers
|
Offers
|
Blog
|
Contacts
|
My Account
|
Site Map
|
城市导航
|
产品展示
|
中文
Glass Processing Machines
|
Window Making Machine
|
Powder Coating Machine
|
Wrapping & Flat Laminat",2026-04-24T17:33:31.124259+00:00
99,supplierlist,78-93-3,methyl ethyl ketone,"For Sale, China Supplier, Factory Price",78-93-3,https://www.supplierlist.com/fraision-methyl-ether_product25234.html,,,,,,,"﻿
For Sale, China Supplier, Factory Price
Sign up
Home
Share:
Related Products
Address:
, , , ,
Tel:
--
Company Profile
Products
中 文 | 供应商名录
・
海博网络
・
外贸网站定制
・
海外营销推广
・
Google SEO
・
Ads SEM
Home
|
Products
|
Categories
|
Suppliers
|
Offers
|
Blog
|
Contacts
|
My Account
|
Site Map
|
城市导航
|
产品展示
|
中文
Glass Processing Machines
|
Window Making Machine
|
Powder Coating Machine
|
Wrapping & Flat Laminat",2026-04-24T17:33:34.176284+00:00
100,supplierlist,78-93-3,methyl ethyl ketone,"For Sale, China Supplier, Factory Price",78-93-3,https://www.supplierlist.com/ethyl-butyrate_product25069.html,,,,,,,"﻿
For Sale, China Supplier, Factory Price
Sign up
Home
Share:
Related Products
Address:
, , , ,
Tel:
--
Company Profile
Products
中 文 | 供应商名录
・
海博网络
・
外贸网站定制
・
海外营销推广
・
Google SEO
・
Ads SEM
Home
|
Products
|
Categories
|
Suppliers
|
Offers
|
Blog
|
Contacts
|
My Account
|
Site Map
|
城市导航
|
产品展示
|
中文
Glass Processing Machines
|
Window Making Machine
|
Powder Coating Machine
|
Wrapping & Flat Laminat",2026-04-24T17:33:37.147292+00:00
101,supplierlist,78-93-3,methyl ethyl ketone,"Solid polyethylene insulated cable For Sale, China Supplier, Factory Price",78-93-3,https://www.supplierlist.com/solid-polyethylene-insulated-cable_product101220.html,,,,,,,"﻿
Solid polyethylene insulated cable For Sale, China Supplier, Factory Price
Sign up
Solid polyethylene insulated
Home
Topsignal
RF Coaxial Cable
Polyethylene insulated cable
Solid polyethylene insulated
Solid polyethylene insulated cable
RG174(TC-XLPE-AL+TC-PVC)-K
Get Quote
PDF Download
Share:
Related Products
Semi-Flexible coaxial cable series
670-141/12SXE
adapters
N/SMA-KKG
adapters
1.85/2.4-K",2026-04-24T17:33:40.259860+00:00
102,supplierlist,78-93-3,methyl ethyl ketone,"For Sale, China Supplier, Factory Price",78-93-3,https://www.supplierlist.com/4methyl-nonanoic-acid_product38984.html,,,,,,,"﻿
For Sale, China Supplier, Factory Price
Sign up
Home
Share:
Related Products
Address:
, , , ,
Tel:
--
Company Profile
Products
中 文 | 供应商名录
・
海博网络
・
外贸网站定制
・
海外营销推广
・
Google SEO
・
Ads SEM
Home
|
Products
|
Categories
|
Suppliers
|
Offers
|
Blog
|
Contacts
|
My Account
|
Site Map
|
城市导航
|
产品展示
|
中文
Glass Processing Machines
|
Window Making Machine
|
Powder Coating Machine
|
Wrapping & Flat Laminat",2026-04-24T17:33:43.171181+00:00
103,supplierlist,78-93-3,methyl ethyl ketone,"For Sale, China Supplier, Factory Price",78-93-3,https://www.supplierlist.com/natural-ethyl-propionate_product25759.html,,,,,,,"﻿
For Sale, China Supplier, Factory Price
Sign up
Home
Share:
Related Products
Address:
, , , ,
Tel:
--
Company Profile
Products
中 文 | 供应商名录
・
海博网络
・
外贸网站定制
・
海外营销推广
・
Google SEO
・
Ads SEM
Home
|
Products
|
Categories
|
Suppliers
|
Offers
|
Blog
|
Contacts
|
My Account
|
Site Map
|
城市导航
|
产品展示
|
中文
Glass Processing Machines
|
Window Making Machine
|
Powder Coating Machine
|
Wrapping & Flat Laminat",2026-04-24T17:33:46.174012+00:00
104,supplierlist,78-93-3,methyl ethyl ketone,"For Sale, China Supplier, Factory Price",78-93-3,https://www.supplierlist.com/diethyl-malonate_product25064.html,,,,,,,"﻿
For Sale, China Supplier, Factory Price
Sign up
Home
Share:
Related Products
Address:
, , , ,
Tel:
--
Company Profile
Products
中 文 | 供应商名录
・
海博网络
・
外贸网站定制
・
海外营销推广
・
Google SEO
・
Ads SEM
Home
|
Products
|
Categories
|
Suppliers
|
Offers
|
Blog
|
Contacts
|
My Account
|
Site Map
|
城市导航
|
产品展示
|
中文
Glass Processing Machines
|
Window Making Machine
|
Powder Coating Machine
|
Wrapping & Flat Laminat",2026-04-24T17:33:49.141366+00:00
105,supplierlist,78-93-3,methyl ethyl ketone,"For Sale, China Supplier, Factory Price",78-93-3,https://www.supplierlist.com/phenyl-ethyl-acetate_product25057.html,,,,,,,"﻿
For Sale, China Supplier, Factory Price
Sign up
Home
Share:
Related Products
Address:
, , , ,
Tel:
--
Company Profile
Products
中 文 | 供应商名录
・
海博网络
・
外贸网站定制
・
海外营销推广
・
Google SEO
・
Ads SEM
Home
|
Products
|
Categories
|
Suppliers
|
Offers
|
Blog
|
Contacts
|
My Account
|
Site Map
|
城市导航
|
产品展示
|
中文
Glass Processing Machines
|
Window Making Machine
|
Powder Coating Machine
|
Wrapping & Flat Laminat",2026-04-24T17:33:52.125219+00:00
106,supplierlist,67-64-1,acetone,"For Sale, China Supplier, Factory Price",67-64-1,https://www.supplierlist.com/geranyl-acetone_product37870.html,,,,,,,"﻿
For Sale, China Supplier, Factory Price
Sign up
Home
Share:
Related Products
Address:
, , , ,
Tel:
--
Company Profile
Products
中 文 | 供应商名录
・
海博网络
・
外贸网站定制
・
海外营销推广
・
Google SEO
・
Ads SEM
Home
|
Products
|
Categories
|
Suppliers
|
Offers
|
Blog
|
Contacts
|
My Account
|
Site Map
|
城市导航
|
产品展示
|
中文
Glass Processing Machines
|
Window Making Machine
|
Powder Coating Machine
|
Wrapping & Flat Laminat",2026-04-24T17:33:55.175909+00:00
107,supplierlist,67-64-1,acetone,"For Sale, China Supplier, Factory Price",67-64-1,https://www.supplierlist.com/natural-anisyl-acetone_product44001.html,,,,,,,"﻿
For Sale, China Supplier, Factory Price
Sign up
Home
Share:
Related Products
Address:
, , , ,
Tel:
--
Company Profile
Products
中 文 | 供应商名录
・
海博网络
・
外贸网站定制
・
海外营销推广
・
Google SEO
・
Ads SEM
Home
|
Products
|
Categories
|
Suppliers
|
Offers
|
Blog
|
Contacts
|
My Account
|
Site Map
|
城市导航
|
产品展示
|
中文
Glass Processing Machines
|
Window Making Machine
|
Powder Coating Machine
|
Wrapping & Flat Laminat",2026-04-24T17:33:58.169939+00:00
