id,query_chemical,query_cas,query_url,result_count,html_path,fetched_at
1,Acetic anhydride,108-24-7,http://www.chemnet.com/cas/supplier.cgi?terms=108-24-7&exact=dict&l=&f=plist&terms1=&f1=plist&home1=&scale=pw&criteria=bprod,10,raw/chemnet_com/_cas_supplier.cgi__terms_108-24-7_exact_dict_l_f_plist_terms1_f1_plist_home1_scale_pw_criteria_bpro__4929f2f7b8b5.html,2026-04-24T17:19:52+00:00
2,Acetic anhydride,108-24-7,https://www.chemnet.com/Global/Products/aceticanhydride/Suppliers-0-0.html,10,raw/chemnet_com/_Global_Products_aceticanhydride_Suppliers-0-0.html__https_www.chemnet.com_Global_Products_aceticanhydride_Suppliers-0-0.html__05ca759ad2a3.html,2026-04-24T17:19:52+00:00
3,Acetic anhydride,108-24-7,https://www.chemnet.com/Global/Products/aceticanhydride/Suppliers-0-1.html,10,raw/chemnet_com/_Global_Products_aceticanhydride_Suppliers-0-1.html__https_www.chemnet.com_Global_Products_aceticanhydride_Suppliers-0-1.html__7495c71c39d7.html,2026-04-24T17:19:52+00:00
4,Acetic anhydride,108-24-7,https://www.chemnet.com/Global/Products/aceticanhydride/Suppliers-0-2.html,10,raw/chemnet_com/_Global_Products_aceticanhydride_Suppliers-0-2.html__https_www.chemnet.com_Global_Products_aceticanhydride_Suppliers-0-2.html__52ccd0883b31.html,2026-04-24T17:19:52+00:00
5,Acetic anhydride,108-24-7,https://www.chemnet.com/Global/Products/aceticanhydride/Suppliers-0-3.html,10,raw/chemnet_com/_Global_Products_aceticanhydride_Suppliers-0-3.html__https_www.chemnet.com_Global_Products_aceticanhydride_Suppliers-0-3.html__94a4c572d93a.html,2026-04-24T17:19:52+00:00
6,Acetic anhydride,108-24-7,https://www.chemnet.com/Global/Products/aceticanhydride/Suppliers-0-4.html,10,raw/chemnet_com/_Global_Products_aceticanhydride_Suppliers-0-4.html__https_www.chemnet.com_Global_Products_aceticanhydride_Suppliers-0-4.html__33e1436649f7.html,2026-04-24T17:19:52+00:00
7,Acetic anhydride,108-24-7,https://www.chemnet.com/Global/Products/aceticanhydride/Suppliers-0-5.html,10,raw/chemnet_com/_Global_Products_aceticanhydride_Suppliers-0-5.html__https_www.chemnet.com_Global_Products_aceticanhydride_Suppliers-0-5.html__0a7a18a225ff.html,2026-04-24T17:19:52+00:00
8,Acetic anhydride,108-24-7,https://www.chemnet.com/Global/Products/aceticanhydride/Suppliers-0-6.html,10,raw/chemnet_com/_Global_Products_aceticanhydride_Suppliers-0-6.html__https_www.chemnet.com_Global_Products_aceticanhydride_Suppliers-0-6.html__a509b9b2751c.html,2026-04-24T17:19:52+00:00
9,Acetic anhydride,108-24-7,https://www.chemnet.com/Global/Products/aceticanhydride/Suppliers-0-7.html,10,raw/chemnet_com/_Global_Products_aceticanhydride_Suppliers-0-7.html__https_www.chemnet.com_Global_Products_aceticanhydride_Suppliers-0-7.html__3d20252d818f.html,2026-04-24T17:19:52+00:00
10,Acetic anhydride,108-24-7,https://www.chemnet.com/Global/Products/aceticanhydride/Suppliers-0-8.html,10,raw/chemnet_com/_Global_Products_aceticanhydride_Suppliers-0-8.html__https_www.chemnet.com_Global_Products_aceticanhydride_Suppliers-0-8.html__bf195227a6ea.html,2026-04-24T17:19:52+00:00
11,Acetic anhydride,108-24-7,https://www.chemnet.com/Global/Products/aceticanhydride/Suppliers-0-9.html,10,raw/chemnet_com/_Global_Products_aceticanhydride_Suppliers-0-9.html__https_www.chemnet.com_Global_Products_aceticanhydride_Suppliers-0-9.html__203a6b66b604.html,2026-04-24T17:19:52+00:00
12,Acetic anhydride,108-24-7,https://www.chemnet.com/Global/Products/aceticanhydride/Suppliers-0-10.html,10,raw/chemnet_com/_Global_Products_aceticanhydride_Suppliers-0-10.html__https_www.chemnet.com_Global_Products_aceticanhydride_Suppliers-0-10.html__ae62761d19ae.html,2026-04-24T17:19:52+00:00
13,Acetic anhydride,108-24-7,https://www.chemnet.com/Global/Products/aceticanhydride/Suppliers-0-11.html,10,raw/chemnet_com/_Global_Products_aceticanhydride_Suppliers-0-11.html__https_www.chemnet.com_Global_Products_aceticanhydride_Suppliers-0-11.html__01830b101a30.html,2026-04-24T17:19:52+00:00
14,Acetic anhydride,108-24-7,https://www.chemnet.com/Global/Products/aceticanhydride/Suppliers-0-12.html,10,raw/chemnet_com/_Global_Products_aceticanhydride_Suppliers-0-12.html__https_www.chemnet.com_Global_Products_aceticanhydride_Suppliers-0-12.html__e742a68d1f22.html,2026-04-24T17:19:53+00:00
15,Acetic anhydride,108-24-7,https://www.chemnet.com/Global/Products/aceticanhydride/Suppliers-0-13.html,2,raw/chemnet_com/_Global_Products_aceticanhydride_Suppliers-0-13.html__https_www.chemnet.com_Global_Products_aceticanhydride_Suppliers-0-13.html__15e45a3f0aef.html,2026-04-24T17:19:55+00:00
16,Acetone,67-64-1,http://www.chemnet.com/cas/supplier.cgi?terms=67-64-1&exact=dict&l=&f=plist&terms1=&f1=plist&home1=&scale=pw&criteria=bprod,2,raw/chemnet_com/_cas_supplier.cgi__terms_67-64-1_exact_dict_l_f_plist_terms1_f1_plist_home1_scale_pw_criteria_bprod__2f49e8772622.html,2026-04-24T17:19:55+00:00
17,Acetone,67-64-1,https://www.chemnet.com/Global/Products/acetone/Suppliers-0-0.html,10,raw/chemnet_com/_Global_Products_acetone_Suppliers-0-0.html__https_www.chemnet.com_Global_Products_acetone_Suppliers-0-0.html__b63a6bcf184c.html,2026-04-24T17:19:55+00:00
18,Acetone,67-64-1,https://www.chemnet.com/Global/Products/acetone/Suppliers-0-1.html,7,raw/chemnet_com/_Global_Products_acetone_Suppliers-0-1.html__https_www.chemnet.com_Global_Products_acetone_Suppliers-0-1.html__ce200f436408.html,2026-04-24T17:19:55+00:00
19,Ephedrine,299-42-3,http://www.chemnet.com/cas/supplier.cgi?terms=299-42-3&exact=dict&l=&f=plist&terms1=&f1=plist&home1=&scale=pw&criteria=bprod,0,raw/chemnet_com/_cas_supplier.cgi__terms_299-42-3_exact_dict_l_f_plist_terms1_f1_plist_home1_scale_pw_criteria_bpro__7f3e0fbc6dd0.html,2026-04-24T17:19:57+00:00
20,Pseudoephedrine,90-82-4,http://www.chemnet.com/cas/supplier.cgi?terms=90-82-4&exact=dict&l=&f=plist&terms1=&f1=plist&home1=&scale=pw&criteria=bprod,1,raw/chemnet_com/_cas_supplier.cgi__terms_90-82-4_exact_dict_l_f_plist_terms1_f1_plist_home1_scale_pw_criteria_bprod__e8ab73eb55d9.html,2026-04-24T17:20:00+00:00
21,Phenylpropanolamine,14838-15-4,http://www.chemnet.com/cas/supplier.cgi?terms=14838-15-4&exact=dict&l=&f=plist&terms1=&f1=plist&home1=&scale=pw&criteria=bprod,0,raw/chemnet_com/_cas_supplier.cgi__terms_14838-15-4_exact_dict_l_f_plist_terms1_f1_plist_home1_scale_pw_criteria_bp__72dc931e3e2d.html,2026-04-24T17:20:02+00:00
22,Ergometrine,60-79-7,http://www.chemnet.com/cas/supplier.cgi?terms=60-79-7&exact=dict&l=&f=plist&terms1=&f1=plist&home1=&scale=pw&criteria=bprod,2,raw/chemnet_com/_cas_supplier.cgi__terms_60-79-7_exact_dict_l_f_plist_terms1_f1_plist_home1_scale_pw_criteria_bprod__72c57b27e9d1.html,2026-04-24T17:20:03+00:00
23,Ergometrine,60-79-7,https://www.chemnet.com/Global/Products/ergonovine/Suppliers-0-0.html,5,raw/chemnet_com/_Global_Products_ergonovine_Suppliers-0-0.html__https_www.chemnet.com_Global_Products_ergonovine_Suppliers-0-0.html__188577849d5d.html,2026-04-24T17:20:05+00:00
24,Ergotamine,113-15-5,http://www.chemnet.com/cas/supplier.cgi?terms=113-15-5&exact=dict&l=&f=plist&terms1=&f1=plist&home1=&scale=pw&criteria=bprod,0,raw/chemnet_com/_cas_supplier.cgi__terms_113-15-5_exact_dict_l_f_plist_terms1_f1_plist_home1_scale_pw_criteria_bpro__7d952ae25693.html,2026-04-24T17:20:07+00:00
25,Lysergic acid,82-58-6,http://www.chemnet.com/cas/supplier.cgi?terms=82-58-6&exact=dict&l=&f=plist&terms1=&f1=plist&home1=&scale=pw&criteria=bprod,0,raw/chemnet_com/_cas_supplier.cgi__terms_82-58-6_exact_dict_l_f_plist_terms1_f1_plist_home1_scale_pw_criteria_bprod__a9f6c95ce5d6.html,2026-04-24T17:20:09+00:00
26,N-acetylanthranilic acid,89-52-1,http://www.chemnet.com/cas/supplier.cgi?terms=89-52-1&exact=dict&l=&f=plist&terms1=&f1=plist&home1=&scale=pw&criteria=bprod,1,raw/chemnet_com/_cas_supplier.cgi__terms_89-52-1_exact_dict_l_f_plist_terms1_f1_plist_home1_scale_pw_criteria_bprod__05a7c65b28c8.html,2026-04-24T17:20:11+00:00
27,N-acetylanthranilic acid,89-52-1,https://www.chemnet.com/Global/Products/nacetylanthranilicacid/Suppliers-0-0.html,1,raw/chemnet_com/_Global_Products_nacetylanthranilicacid_Suppliers-0-0.html__https_www.chemnet.com_Global_Products_nacetylanthranilicacid_Suppliers-0-0.html__a17c0a0583dd.html,2026-04-24T17:20:13+00:00
28,Anthranilic acid,118-92-3,http://www.chemnet.com/cas/supplier.cgi?terms=118-92-3&exact=dict&l=&f=plist&terms1=&f1=plist&home1=&scale=pw&criteria=bprod,10,raw/chemnet_com/_cas_supplier.cgi__terms_118-92-3_exact_dict_l_f_plist_terms1_f1_plist_home1_scale_pw_criteria_bpro__788479875c42.html,2026-04-24T17:20:15+00:00
29,Anthranilic acid,118-92-3,https://www.chemnet.com/Global/Products/anthranilicacid/Suppliers-0-0.html,10,raw/chemnet_com/_Global_Products_anthranilicacid_Suppliers-0-0.html__https_www.chemnet.com_Global_Products_anthranilicacid_Suppliers-0-0.html__986a521831e6.html,2026-04-24T17:20:17+00:00
30,Anthranilic acid,118-92-3,https://www.chemnet.com/Global/Products/anthranilicacid/Suppliers-0-1.html,10,raw/chemnet_com/_Global_Products_anthranilicacid_Suppliers-0-1.html__https_www.chemnet.com_Global_Products_anthranilicacid_Suppliers-0-1.html__3040951279d7.html,2026-04-24T17:20:19+00:00
31,Anthranilic acid,118-92-3,https://www.chemnet.com/Global/Products/anthranilicacid/Suppliers-0-2.html,10,raw/chemnet_com/_Global_Products_anthranilicacid_Suppliers-0-2.html__https_www.chemnet.com_Global_Products_anthranilicacid_Suppliers-0-2.html__10c52abddee9.html,2026-04-24T17:20:21+00:00
32,Anthranilic acid,118-92-3,https://www.chemnet.com/Global/Products/anthranilicacid/Suppliers-0-3.html,10,raw/chemnet_com/_Global_Products_anthranilicacid_Suppliers-0-3.html__https_www.chemnet.com_Global_Products_anthranilicacid_Suppliers-0-3.html__37a4690f9bf1.html,2026-04-24T17:20:23+00:00
33,Anthranilic acid,118-92-3,https://www.chemnet.com/Global/Products/anthranilicacid/Suppliers-0-4.html,10,raw/chemnet_com/_Global_Products_anthranilicacid_Suppliers-0-4.html__https_www.chemnet.com_Global_Products_anthranilicacid_Suppliers-0-4.html__7aa2986f1342.html,2026-04-24T17:20:25+00:00
34,Anthranilic acid,118-92-3,https://www.chemnet.com/Global/Products/anthranilicacid/Suppliers-0-5.html,10,raw/chemnet_com/_Global_Products_anthranilicacid_Suppliers-0-5.html__https_www.chemnet.com_Global_Products_anthranilicacid_Suppliers-0-5.html__b9002a5f9bdd.html,2026-04-24T17:20:27+00:00
35,Anthranilic acid,118-92-3,https://www.chemnet.com/Global/Products/anthranilicacid/Suppliers-0-6.html,10,raw/chemnet_com/_Global_Products_anthranilicacid_Suppliers-0-6.html__https_www.chemnet.com_Global_Products_anthranilicacid_Suppliers-0-6.html__6c2a47a0d124.html,2026-04-24T17:20:29+00:00
36,Anthranilic acid,118-92-3,https://www.chemnet.com/Global/Products/anthranilicacid/Suppliers-0-7.html,2,raw/chemnet_com/_Global_Products_anthranilicacid_Suppliers-0-7.html__https_www.chemnet.com_Global_Products_anthranilicacid_Suppliers-0-7.html__b1e6cd5b7410.html,2026-04-24T17:20:31+00:00
37,Phenylacetic acid,103-82-2,http://www.chemnet.com/cas/supplier.cgi?terms=103-82-2&exact=dict&l=&f=plist&terms1=&f1=plist&home1=&scale=pw&criteria=bprod,10,raw/chemnet_com/_cas_supplier.cgi__terms_103-82-2_exact_dict_l_f_plist_terms1_f1_plist_home1_scale_pw_criteria_bpro__95917af87d86.html,2026-04-24T17:20:34+00:00
38,Phenylacetic acid,103-82-2,https://www.chemnet.com/Global/Products/phenylaceticacid/Suppliers-0-0.html,10,raw/chemnet_com/_Global_Products_phenylaceticacid_Suppliers-0-0.html__https_www.chemnet.com_Global_Products_phenylaceticacid_Suppliers-0-0.html__e2907e7bfc3c.html,2026-04-24T17:20:35+00:00
39,Phenylacetic acid,103-82-2,https://www.chemnet.com/Global/Products/phenylaceticacid/Suppliers-0-1.html,10,raw/chemnet_com/_Global_Products_phenylaceticacid_Suppliers-0-1.html__https_www.chemnet.com_Global_Products_phenylaceticacid_Suppliers-0-1.html__22118426f9dc.html,2026-04-24T17:20:37+00:00
40,Phenylacetic acid,103-82-2,https://www.chemnet.com/Global/Products/phenylaceticacid/Suppliers-0-2.html,10,raw/chemnet_com/_Global_Products_phenylaceticacid_Suppliers-0-2.html__https_www.chemnet.com_Global_Products_phenylaceticacid_Suppliers-0-2.html__6c5954da595a.html,2026-04-24T17:20:40+00:00
41,Phenylacetic acid,103-82-2,https://www.chemnet.com/Global/Products/phenylaceticacid/Suppliers-0-3.html,9,raw/chemnet_com/_Global_Products_phenylaceticacid_Suppliers-0-3.html__https_www.chemnet.com_Global_Products_phenylaceticacid_Suppliers-0-3.html__790abe8dcadd.html,2026-04-24T17:20:41+00:00
42,Piperonal,120-57-0,http://www.chemnet.com/cas/supplier.cgi?terms=120-57-0&exact=dict&l=&f=plist&terms1=&f1=plist&home1=&scale=pw&criteria=bprod,7,raw/chemnet_com/_cas_supplier.cgi__terms_120-57-0_exact_dict_l_f_plist_terms1_f1_plist_home1_scale_pw_criteria_bpro__007d02fedbab.html,2026-04-24T17:20:44+00:00
43,Piperonal,120-57-0,https://www.chemnet.com/Global/Products/piperonal/Suppliers-0-0.html,8,raw/chemnet_com/_Global_Products_piperonal_Suppliers-0-0.html__https_www.chemnet.com_Global_Products_piperonal_Suppliers-0-0.html__9a1649a86ed8.html,2026-04-24T17:20:45+00:00
44,Safrole,94-59-7,http://www.chemnet.com/cas/supplier.cgi?terms=94-59-7&exact=dict&l=&f=plist&terms1=&f1=plist&home1=&scale=pw&criteria=bprod,0,raw/chemnet_com/_cas_supplier.cgi__terms_94-59-7_exact_dict_l_f_plist_terms1_f1_plist_home1_scale_pw_criteria_bprod__bd06d6162dd4.html,2026-04-24T17:20:47+00:00
45,Isosafrole,120-58-1,http://www.chemnet.com/cas/supplier.cgi?terms=120-58-1&exact=dict&l=&f=plist&terms1=&f1=plist&home1=&scale=pw&criteria=bprod,0,raw/chemnet_com/_cas_supplier.cgi__terms_120-58-1_exact_dict_l_f_plist_terms1_f1_plist_home1_scale_pw_criteria_bpro__5b40054c6c0d.html,2026-04-24T17:20:49+00:00
46,"3,4-MDP-2-P",4676-39-5,http://www.chemnet.com/cas/supplier.cgi?terms=4676-39-5&exact=dict&l=&f=plist&terms1=&f1=plist&home1=&scale=pw&criteria=bprod,0,raw/chemnet_com/_cas_supplier.cgi__terms_4676-39-5_exact_dict_l_f_plist_terms1_f1_plist_home1_scale_pw_criteria_bpr__072110e05f1b.html,2026-04-24T17:20:52+00:00
47,Phenyl-2-propanone,103-79-7,http://www.chemnet.com/cas/supplier.cgi?terms=103-79-7&exact=dict&l=&f=plist&terms1=&f1=plist&home1=&scale=pw&criteria=bprod,7,raw/chemnet_com/_cas_supplier.cgi__terms_103-79-7_exact_dict_l_f_plist_terms1_f1_plist_home1_scale_pw_criteria_bpro__6711c7b64fc8.html,2026-04-24T17:20:52+00:00
48,Phenyl-2-propanone,103-79-7,https://www.chemnet.com/Global/Products/phenylacetone/Suppliers-0-0.html,10,raw/chemnet_com/_Global_Products_phenylacetone_Suppliers-0-0.html__https_www.chemnet.com_Global_Products_phenylacetone_Suppliers-0-0.html__99a2ea5491a8.html,2026-04-24T17:20:52+00:00
49,Phenyl-2-propanone,103-79-7,https://www.chemnet.com/Global/Products/phenylacetone/Suppliers-0-1.html,1,raw/chemnet_com/_Global_Products_phenylacetone_Suppliers-0-1.html__https_www.chemnet.com_Global_Products_phenylacetone_Suppliers-0-1.html__c6e4286b1345.html,2026-04-24T17:20:52+00:00
50,APAAN,4468-48-8,http://www.chemnet.com/cas/supplier.cgi?terms=4468-48-8&exact=dict&l=&f=plist&terms1=&f1=plist&home1=&scale=pw&criteria=bprod,3,raw/chemnet_com/_cas_supplier.cgi__terms_4468-48-8_exact_dict_l_f_plist_terms1_f1_plist_home1_scale_pw_criteria_bpr__7f01c2e835fd.html,2026-04-24T17:20:52+00:00
51,APAAN,4468-48-8,https://www.chemnet.com/Global/Products/alphaacetylphenylacetonitrile/Suppliers-0-0.html,3,raw/chemnet_com/_Global_Products_alphaacetylphenylacetonitrile_Suppliers-0-0.html__https_www.chemnet.com_Global_Products_alphaacetylphenylacetonitrile_Suppliers-0-__fbfc4d227dfe.html,2026-04-24T17:20:52+00:00
52,BMK glycidate,16648-44-5,http://www.chemnet.com/cas/supplier.cgi?terms=16648-44-5&exact=dict&l=&f=plist&terms1=&f1=plist&home1=&scale=pw&criteria=bprod,0,raw/chemnet_com/_cas_supplier.cgi__terms_16648-44-5_exact_dict_l_f_plist_terms1_f1_plist_home1_scale_pw_criteria_bp__1e0038389337.html,2026-04-24T17:20:54+00:00
53,Methylamine,74-89-5,http://www.chemnet.com/cas/supplier.cgi?terms=74-89-5&exact=dict&l=&f=plist&terms1=&f1=plist&home1=&scale=pw&criteria=bprod,0,raw/chemnet_com/_cas_supplier.cgi__terms_74-89-5_exact_dict_l_f_plist_terms1_f1_plist_home1_scale_pw_criteria_bprod__585c0b3b78aa.html,2026-04-24T17:20:55+00:00
54,Red phosphorus,7723-14-0,http://www.chemnet.com/cas/supplier.cgi?terms=7723-14-0&exact=dict&l=&f=plist&terms1=&f1=plist&home1=&scale=pw&criteria=bprod,7,raw/chemnet_com/_cas_supplier.cgi__terms_7723-14-0_exact_dict_l_f_plist_terms1_f1_plist_home1_scale_pw_criteria_bpr__ed77a6b3d2ec.html,2026-04-24T17:20:58+00:00
55,Red phosphorus,7723-14-0,https://www.chemnet.com/Global/Products/phosphorus%2Cred/Suppliers-0-0.html,10,raw/chemnet_com/_Global_Products_phosphorus_2Cred_Suppliers-0-0.html__https_www.chemnet.com_Global_Products_phosphorus_2Cred_Suppliers-0-0.html__e32297ba42cc.html,2026-04-24T17:20:59+00:00
56,Red phosphorus,7723-14-0,https://www.chemnet.com/Global/Products/phosphorus%2Cred/Suppliers-0-1.html,10,raw/chemnet_com/_Global_Products_phosphorus_2Cred_Suppliers-0-1.html__https_www.chemnet.com_Global_Products_phosphorus_2Cred_Suppliers-0-1.html__ddf828c5ffbb.html,2026-04-24T17:21:02+00:00
57,Red phosphorus,7723-14-0,https://www.chemnet.com/Global/Products/phosphorus%2Cred/Suppliers-0-2.html,10,raw/chemnet_com/_Global_Products_phosphorus_2Cred_Suppliers-0-2.html__https_www.chemnet.com_Global_Products_phosphorus_2Cred_Suppliers-0-2.html__c8d0a291e535.html,2026-04-24T17:21:03+00:00
58,Red phosphorus,7723-14-0,https://www.chemnet.com/Global/Products/phosphorus%2Cred/Suppliers-0-3.html,5,raw/chemnet_com/_Global_Products_phosphorus_2Cred_Suppliers-0-3.html__https_www.chemnet.com_Global_Products_phosphorus_2Cred_Suppliers-0-3.html__8a910d8c6519.html,2026-04-24T17:21:05+00:00
59,Iodine,7553-56-2,http://www.chemnet.com/cas/supplier.cgi?terms=7553-56-2&exact=dict&l=&f=plist&terms1=&f1=plist&home1=&scale=pw&criteria=bprod,10,raw/chemnet_com/_cas_supplier.cgi__terms_7553-56-2_exact_dict_l_f_plist_terms1_f1_plist_home1_scale_pw_criteria_bpr__8e37c8743767.html,2026-04-24T17:21:07+00:00
60,Iodine,7553-56-2,https://www.chemnet.com/Global/Products/iodine/Suppliers-0-0.html,10,raw/chemnet_com/_Global_Products_iodine_Suppliers-0-0.html__https_www.chemnet.com_Global_Products_iodine_Suppliers-0-0.html__5b6f82cfb08a.html,2026-04-24T17:21:09+00:00
61,Iodine,7553-56-2,https://www.chemnet.com/Global/Products/iodine/Suppliers-0-1.html,10,raw/chemnet_com/_Global_Products_iodine_Suppliers-0-1.html__https_www.chemnet.com_Global_Products_iodine_Suppliers-0-1.html__04afcdbcdd5c.html,2026-04-24T17:21:11+00:00
62,Iodine,7553-56-2,https://www.chemnet.com/Global/Products/iodine/Suppliers-0-2.html,10,raw/chemnet_com/_Global_Products_iodine_Suppliers-0-2.html__https_www.chemnet.com_Global_Products_iodine_Suppliers-0-2.html__f31e01c0a64b.html,2026-04-24T17:21:13+00:00
63,Iodine,7553-56-2,https://www.chemnet.com/Global/Products/iodine/Suppliers-0-3.html,10,raw/chemnet_com/_Global_Products_iodine_Suppliers-0-3.html__https_www.chemnet.com_Global_Products_iodine_Suppliers-0-3.html__22d5cd4f4f89.html,2026-04-24T17:21:15+00:00
64,Iodine,7553-56-2,https://www.chemnet.com/Global/Products/iodine/Suppliers-0-4.html,10,raw/chemnet_com/_Global_Products_iodine_Suppliers-0-4.html__https_www.chemnet.com_Global_Products_iodine_Suppliers-0-4.html__fcf02cfb212c.html,2026-04-24T17:21:17+00:00
65,Iodine,7553-56-2,https://www.chemnet.com/Global/Products/iodine/Suppliers-0-5.html,10,raw/chemnet_com/_Global_Products_iodine_Suppliers-0-5.html__https_www.chemnet.com_Global_Products_iodine_Suppliers-0-5.html__2570d0075993.html,2026-04-24T17:21:19+00:00
66,Iodine,7553-56-2,https://www.chemnet.com/Global/Products/iodine/Suppliers-0-6.html,10,raw/chemnet_com/_Global_Products_iodine_Suppliers-0-6.html__https_www.chemnet.com_Global_Products_iodine_Suppliers-0-6.html__303b5167baa4.html,2026-04-24T17:21:21+00:00
67,Iodine,7553-56-2,https://www.chemnet.com/Global/Products/iodine/Suppliers-0-7.html,10,raw/chemnet_com/_Global_Products_iodine_Suppliers-0-7.html__https_www.chemnet.com_Global_Products_iodine_Suppliers-0-7.html__c7aea65f208c.html,2026-04-24T17:21:23+00:00
68,Iodine,7553-56-2,https://www.chemnet.com/Global/Products/iodine/Suppliers-0-8.html,10,raw/chemnet_com/_Global_Products_iodine_Suppliers-0-8.html__https_www.chemnet.com_Global_Products_iodine_Suppliers-0-8.html__89ea0cb9ec93.html,2026-04-24T17:21:25+00:00
69,Iodine,7553-56-2,https://www.chemnet.com/Global/Products/iodine/Suppliers-0-9.html,10,raw/chemnet_com/_Global_Products_iodine_Suppliers-0-9.html__https_www.chemnet.com_Global_Products_iodine_Suppliers-0-9.html__878ffdf4303d.html,2026-04-24T17:21:27+00:00
70,Iodine,7553-56-2,https://www.chemnet.com/Global/Products/iodine/Suppliers-0-10.html,10,raw/chemnet_com/_Global_Products_iodine_Suppliers-0-10.html__https_www.chemnet.com_Global_Products_iodine_Suppliers-0-10.html__352347ec76ad.html,2026-04-24T17:21:29+00:00
71,Iodine,7553-56-2,https://www.chemnet.com/Global/Products/iodine/Suppliers-0-11.html,10,raw/chemnet_com/_Global_Products_iodine_Suppliers-0-11.html__https_www.chemnet.com_Global_Products_iodine_Suppliers-0-11.html__480b25b4a789.html,2026-04-24T17:21:31+00:00
72,Iodine,7553-56-2,https://www.chemnet.com/Global/Products/iodine/Suppliers-0-12.html,10,raw/chemnet_com/_Global_Products_iodine_Suppliers-0-12.html__https_www.chemnet.com_Global_Products_iodine_Suppliers-0-12.html__cec609ab16ff.html,2026-04-24T17:21:33+00:00
73,Iodine,7553-56-2,https://www.chemnet.com/Global/Products/iodine/Suppliers-0-13.html,2,raw/chemnet_com/_Global_Products_iodine_Suppliers-0-13.html__https_www.chemnet.com_Global_Products_iodine_Suppliers-0-13.html__c780103cc637.html,2026-04-24T17:21:35+00:00
74,Hydriodic acid,10034-85-2,http://www.chemnet.com/cas/supplier.cgi?terms=10034-85-2&exact=dict&l=&f=plist&terms1=&f1=plist&home1=&scale=pw&criteria=bprod,10,raw/chemnet_com/_cas_supplier.cgi__terms_10034-85-2_exact_dict_l_f_plist_terms1_f1_plist_home1_scale_pw_criteria_bp__1b654c0c2baa.html,2026-04-24T17:21:38+00:00
75,Hydriodic acid,10034-85-2,https://www.chemnet.com/Global/Products/hydriodicacid/Suppliers-0-0.html,10,raw/chemnet_com/_Global_Products_hydriodicacid_Suppliers-0-0.html__https_www.chemnet.com_Global_Products_hydriodicacid_Suppliers-0-0.html__9d292943643f.html,2026-04-24T17:21:39+00:00
76,Hydriodic acid,10034-85-2,https://www.chemnet.com/Global/Products/hydriodicacid/Suppliers-0-1.html,10,raw/chemnet_com/_Global_Products_hydriodicacid_Suppliers-0-1.html__https_www.chemnet.com_Global_Products_hydriodicacid_Suppliers-0-1.html__d98853e6613b.html,2026-04-24T17:21:41+00:00
77,Hydriodic acid,10034-85-2,https://www.chemnet.com/Global/Products/hydriodicacid/Suppliers-0-2.html,10,raw/chemnet_com/_Global_Products_hydriodicacid_Suppliers-0-2.html__https_www.chemnet.com_Global_Products_hydriodicacid_Suppliers-0-2.html__825c0840511e.html,2026-04-24T17:21:43+00:00
78,Hydriodic acid,10034-85-2,https://www.chemnet.com/Global/Products/hydriodicacid/Suppliers-0-3.html,10,raw/chemnet_com/_Global_Products_hydriodicacid_Suppliers-0-3.html__https_www.chemnet.com_Global_Products_hydriodicacid_Suppliers-0-3.html__b27d26bf2a94.html,2026-04-24T17:21:45+00:00
79,Hydriodic acid,10034-85-2,https://www.chemnet.com/Global/Products/hydriodicacid/Suppliers-0-4.html,1,raw/chemnet_com/_Global_Products_hydriodicacid_Suppliers-0-4.html__https_www.chemnet.com_Global_Products_hydriodicacid_Suppliers-0-4.html__e5da680e4274.html,2026-04-24T17:21:47+00:00
80,Toluene,108-88-3,http://www.chemnet.com/cas/supplier.cgi?terms=108-88-3&exact=dict&l=&f=plist&terms1=&f1=plist&home1=&scale=pw&criteria=bprod,3,raw/chemnet_com/_cas_supplier.cgi__terms_108-88-3_exact_dict_l_f_plist_terms1_f1_plist_home1_scale_pw_criteria_bpro__cfea82a6d24e.html,2026-04-24T17:21:50+00:00
81,Toluene,108-88-3,https://www.chemnet.com/Global/Products/toluene/Suppliers-0-0.html,10,raw/chemnet_com/_Global_Products_toluene_Suppliers-0-0.html__https_www.chemnet.com_Global_Products_toluene_Suppliers-0-0.html__bd0139c81157.html,2026-04-24T17:21:51+00:00
82,Diethyl ether,60-29-7,http://www.chemnet.com/cas/supplier.cgi?terms=60-29-7&exact=dict&l=&f=plist&terms1=&f1=plist&home1=&scale=pw&criteria=bprod,2,raw/chemnet_com/_cas_supplier.cgi__terms_60-29-7_exact_dict_l_f_plist_terms1_f1_plist_home1_scale_pw_criteria_bprod__8144f443ce5f.html,2026-04-24T17:21:53+00:00
83,Diethyl ether,60-29-7,https://www.chemnet.com/Global/Products/ether/Suppliers-0-0.html,6,raw/chemnet_com/_Global_Products_ether_Suppliers-0-0.html__https_www.chemnet.com_Global_Products_ether_Suppliers-0-0.html__226581c71191.html,2026-04-24T17:21:55+00:00
84,Hydrochloric acid,7647-01-0,http://www.chemnet.com/cas/supplier.cgi?terms=7647-01-0&exact=dict&l=&f=plist&terms1=&f1=plist&home1=&scale=pw&criteria=bprod,10,raw/chemnet_com/_cas_supplier.cgi__terms_7647-01-0_exact_dict_l_f_plist_terms1_f1_plist_home1_scale_pw_criteria_bpr__30610813bbf0.html,2026-04-24T17:21:58+00:00
85,Hydrochloric acid,7647-01-0,https://www.chemnet.com/Global/Products/hydrochloricacid/Suppliers-0-0.html,10,raw/chemnet_com/_Global_Products_hydrochloricacid_Suppliers-0-0.html__https_www.chemnet.com_Global_Products_hydrochloricacid_Suppliers-0-0.html__8ea90e3b119b.html,2026-04-24T17:21:59+00:00
86,Hydrochloric acid,7647-01-0,https://www.chemnet.com/Global/Products/hydrochloricacid/Suppliers-0-1.html,10,raw/chemnet_com/_Global_Products_hydrochloricacid_Suppliers-0-1.html__https_www.chemnet.com_Global_Products_hydrochloricacid_Suppliers-0-1.html__2a1de25e85c5.html,2026-04-24T17:22:01+00:00
87,Hydrochloric acid,7647-01-0,https://www.chemnet.com/Global/Products/hydrochloricacid/Suppliers-0-2.html,10,raw/chemnet_com/_Global_Products_hydrochloricacid_Suppliers-0-2.html__https_www.chemnet.com_Global_Products_hydrochloricacid_Suppliers-0-2.html__994f1158af58.html,2026-04-24T17:22:04+00:00
88,Hydrochloric acid,7647-01-0,https://www.chemnet.com/Global/Products/hydrochloricacid/Suppliers-0-3.html,10,raw/chemnet_com/_Global_Products_hydrochloricacid_Suppliers-0-3.html__https_www.chemnet.com_Global_Products_hydrochloricacid_Suppliers-0-3.html__d20f858bb768.html,2026-04-24T17:22:05+00:00
89,Hydrochloric acid,7647-01-0,https://www.chemnet.com/Global/Products/hydrochloricacid/Suppliers-0-4.html,10,raw/chemnet_com/_Global_Products_hydrochloricacid_Suppliers-0-4.html__https_www.chemnet.com_Global_Products_hydrochloricacid_Suppliers-0-4.html__ffc84a3e7035.html,2026-04-24T17:22:07+00:00
90,Hydrochloric acid,7647-01-0,https://www.chemnet.com/Global/Products/hydrochloricacid/Suppliers-0-5.html,9,raw/chemnet_com/_Global_Products_hydrochloricacid_Suppliers-0-5.html__https_www.chemnet.com_Global_Products_hydrochloricacid_Suppliers-0-5.html__1ebf88f5077a.html,2026-04-24T17:22:09+00:00
91,Sulfuric acid,7664-93-9,http://www.chemnet.com/cas/supplier.cgi?terms=7664-93-9&exact=dict&l=&f=plist&terms1=&f1=plist&home1=&scale=pw&criteria=bprod,10,raw/chemnet_com/_cas_supplier.cgi__terms_7664-93-9_exact_dict_l_f_plist_terms1_f1_plist_home1_scale_pw_criteria_bpr__43d1d11fdb3b.html,2026-04-24T17:22:12+00:00
92,Sulfuric acid,7664-93-9,https://www.chemnet.com/Global/Products/sulfuricacid/Suppliers-0-0.html,10,raw/chemnet_com/_Global_Products_sulfuricacid_Suppliers-0-0.html__https_www.chemnet.com_Global_Products_sulfuricacid_Suppliers-0-0.html__fdecff12e06b.html,2026-04-24T17:22:13+00:00
93,Sulfuric acid,7664-93-9,https://www.chemnet.com/Global/Products/sulfuricacid/Suppliers-0-1.html,10,raw/chemnet_com/_Global_Products_sulfuricacid_Suppliers-0-1.html__https_www.chemnet.com_Global_Products_sulfuricacid_Suppliers-0-1.html__0cb6541408c6.html,2026-04-24T17:22:15+00:00
94,Sulfuric acid,7664-93-9,https://www.chemnet.com/Global/Products/sulfuricacid/Suppliers-0-2.html,10,raw/chemnet_com/_Global_Products_sulfuricacid_Suppliers-0-2.html__https_www.chemnet.com_Global_Products_sulfuricacid_Suppliers-0-2.html__260db20dff3d.html,2026-04-24T17:22:17+00:00
95,Sulfuric acid,7664-93-9,https://www.chemnet.com/Global/Products/sulfuricacid/Suppliers-0-3.html,10,raw/chemnet_com/_Global_Products_sulfuricacid_Suppliers-0-3.html__https_www.chemnet.com_Global_Products_sulfuricacid_Suppliers-0-3.html__547891fcce59.html,2026-04-24T17:22:19+00:00
96,Sulfuric acid,7664-93-9,https://www.chemnet.com/Global/Products/sulfuricacid/Suppliers-0-4.html,10,raw/chemnet_com/_Global_Products_sulfuricacid_Suppliers-0-4.html__https_www.chemnet.com_Global_Products_sulfuricacid_Suppliers-0-4.html__3c321f687278.html,2026-04-24T17:22:21+00:00
97,Sulfuric acid,7664-93-9,https://www.chemnet.com/Global/Products/sulfuricacid/Suppliers-0-5.html,10,raw/chemnet_com/_Global_Products_sulfuricacid_Suppliers-0-5.html__https_www.chemnet.com_Global_Products_sulfuricacid_Suppliers-0-5.html__1f318753fee6.html,2026-04-24T17:22:23+00:00
98,Sulfuric acid,7664-93-9,https://www.chemnet.com/Global/Products/sulfuricacid/Suppliers-0-6.html,10,raw/chemnet_com/_Global_Products_sulfuricacid_Suppliers-0-6.html__https_www.chemnet.com_Global_Products_sulfuricacid_Suppliers-0-6.html__0abd2ffa402a.html,2026-04-24T17:22:25+00:00
99,Sulfuric acid,7664-93-9,https://www.chemnet.com/Global/Products/sulfuricacid/Suppliers-0-7.html,10,raw/chemnet_com/_Global_Products_sulfuricacid_Suppliers-0-7.html__https_www.chemnet.com_Global_Products_sulfuricacid_Suppliers-0-7.html__c2768462610b.html,2026-04-24T17:22:28+00:00
100,Sulfuric acid,7664-93-9,https://www.chemnet.com/Global/Products/sulfuricacid/Suppliers-0-8.html,9,raw/chemnet_com/_Global_Products_sulfuricacid_Suppliers-0-8.html__https_www.chemnet.com_Global_Products_sulfuricacid_Suppliers-0-8.html__88aca73a833a.html,2026-04-24T17:22:29+00:00
101,Potassium permanganate,7722-64-7,http://www.chemnet.com/cas/supplier.cgi?terms=7722-64-7&exact=dict&l=&f=plist&terms1=&f1=plist&home1=&scale=pw&criteria=bprod,1,raw/chemnet_com/_cas_supplier.cgi__terms_7722-64-7_exact_dict_l_f_plist_terms1_f1_plist_home1_scale_pw_criteria_bpr__eea7bb702afc.html,2026-04-24T17:22:32+00:00
102,Potassium permanganate,7722-64-7,https://www.chemnet.com/Global/Products/potassiumpermanganate/Suppliers-0-0.html,1,raw/chemnet_com/_Global_Products_potassiumpermanganate_Suppliers-0-0.html__https_www.chemnet.com_Global_Products_potassiumpermanganate_Suppliers-0-0.html__1d8f2fa20b2d.html,2026-04-24T17:22:33+00:00
103,Sodium permanganate,10101-50-5,http://www.chemnet.com/cas/supplier.cgi?terms=10101-50-5&exact=dict&l=&f=plist&terms1=&f1=plist&home1=&scale=pw&criteria=bprod,0,raw/chemnet_com/_cas_supplier.cgi__terms_10101-50-5_exact_dict_l_f_plist_terms1_f1_plist_home1_scale_pw_criteria_bp__dd74cc4ee7e7.html,2026-04-24T17:22:36+00:00
104,Sodium hypochlorite,7681-52-9,http://www.chemnet.com/cas/supplier.cgi?terms=7681-52-9&exact=dict&l=&f=plist&terms1=&f1=plist&home1=&scale=pw&criteria=bprod,10,raw/chemnet_com/_cas_supplier.cgi__terms_7681-52-9_exact_dict_l_f_plist_terms1_f1_plist_home1_scale_pw_criteria_bpr__b953acaedc81.html,2026-04-24T17:22:38+00:00
105,Sodium hypochlorite,7681-52-9,https://www.chemnet.com/Global/Products/sodiumhypochlorite/Suppliers-0-0.html,10,raw/chemnet_com/_Global_Products_sodiumhypochlorite_Suppliers-0-0.html__https_www.chemnet.com_Global_Products_sodiumhypochlorite_Suppliers-0-0.html__9f0c70e25542.html,2026-04-24T17:22:39+00:00
106,Sodium hypochlorite,7681-52-9,https://www.chemnet.com/Global/Products/sodiumhypochlorite/Suppliers-0-1.html,10,raw/chemnet_com/_Global_Products_sodiumhypochlorite_Suppliers-0-1.html__https_www.chemnet.com_Global_Products_sodiumhypochlorite_Suppliers-0-1.html__e2a38291d1c3.html,2026-04-24T17:22:42+00:00
107,Sodium hypochlorite,7681-52-9,https://www.chemnet.com/Global/Products/sodiumhypochlorite/Suppliers-0-2.html,10,raw/chemnet_com/_Global_Products_sodiumhypochlorite_Suppliers-0-2.html__https_www.chemnet.com_Global_Products_sodiumhypochlorite_Suppliers-0-2.html__333fe9260c77.html,2026-04-24T17:22:44+00:00
108,Sodium hypochlorite,7681-52-9,https://www.chemnet.com/Global/Products/sodiumhypochlorite/Suppliers-0-3.html,10,raw/chemnet_com/_Global_Products_sodiumhypochlorite_Suppliers-0-3.html__https_www.chemnet.com_Global_Products_sodiumhypochlorite_Suppliers-0-3.html__6ce8dbccabd3.html,2026-04-24T17:22:46+00:00
109,Sodium hypochlorite,7681-52-9,https://www.chemnet.com/Global/Products/sodiumhypochlorite/Suppliers-0-4.html,10,raw/chemnet_com/_Global_Products_sodiumhypochlorite_Suppliers-0-4.html__https_www.chemnet.com_Global_Products_sodiumhypochlorite_Suppliers-0-4.html__a93d0447d5fb.html,2026-04-24T17:22:48+00:00
110,Sodium hypochlorite,7681-52-9,https://www.chemnet.com/Global/Products/sodiumhypochlorite/Suppliers-0-5.html,10,raw/chemnet_com/_Global_Products_sodiumhypochlorite_Suppliers-0-5.html__https_www.chemnet.com_Global_Products_sodiumhypochlorite_Suppliers-0-5.html__fbf798294885.html,2026-04-24T17:22:49+00:00
111,Sodium hypochlorite,7681-52-9,https://www.chemnet.com/Global/Products/sodiumhypochlorite/Suppliers-0-6.html,10,raw/chemnet_com/_Global_Products_sodiumhypochlorite_Suppliers-0-6.html__https_www.chemnet.com_Global_Products_sodiumhypochlorite_Suppliers-0-6.html__bcf846e0198a.html,2026-04-24T17:22:51+00:00
112,Sodium hypochlorite,7681-52-9,https://www.chemnet.com/Global/Products/sodiumhypochlorite/Suppliers-0-7.html,10,raw/chemnet_com/_Global_Products_sodiumhypochlorite_Suppliers-0-7.html__https_www.chemnet.com_Global_Products_sodiumhypochlorite_Suppliers-0-7.html__2fd0e30036ed.html,2026-04-24T17:22:53+00:00
113,Sodium hypochlorite,7681-52-9,https://www.chemnet.com/Global/Products/sodiumhypochlorite/Suppliers-0-8.html,10,raw/chemnet_com/_Global_Products_sodiumhypochlorite_Suppliers-0-8.html__https_www.chemnet.com_Global_Products_sodiumhypochlorite_Suppliers-0-8.html__059c50c42ffe.html,2026-04-24T17:22:56+00:00
114,Sodium hypochlorite,7681-52-9,https://www.chemnet.com/Global/Products/sodiumhypochlorite/Suppliers-0-9.html,10,raw/chemnet_com/_Global_Products_sodiumhypochlorite_Suppliers-0-9.html__https_www.chemnet.com_Global_Products_sodiumhypochlorite_Suppliers-0-9.html__ac6ca36cdc18.html,2026-04-24T17:22:58+00:00
115,Sodium hypochlorite,7681-52-9,https://www.chemnet.com/Global/Products/sodiumhypochlorite/Suppliers-0-10.html,10,raw/chemnet_com/_Global_Products_sodiumhypochlorite_Suppliers-0-10.html__https_www.chemnet.com_Global_Products_sodiumhypochlorite_Suppliers-0-10.html__13ad2a925d87.html,2026-04-24T17:22:59+00:00
116,Sodium hypochlorite,7681-52-9,https://www.chemnet.com/Global/Products/sodiumhypochlorite/Suppliers-0-11.html,10,raw/chemnet_com/_Global_Products_sodiumhypochlorite_Suppliers-0-11.html__https_www.chemnet.com_Global_Products_sodiumhypochlorite_Suppliers-0-11.html__708526e9da0b.html,2026-04-24T17:23:02+00:00
117,Sodium hypochlorite,7681-52-9,https://www.chemnet.com/Global/Products/sodiumhypochlorite/Suppliers-0-12.html,10,raw/chemnet_com/_Global_Products_sodiumhypochlorite_Suppliers-0-12.html__https_www.chemnet.com_Global_Products_sodiumhypochlorite_Suppliers-0-12.html__83d7527c3171.html,2026-04-24T17:23:04+00:00
118,Sodium hypochlorite,7681-52-9,https://www.chemnet.com/Global/Products/sodiumhypochlorite/Suppliers-0-13.html,10,raw/chemnet_com/_Global_Products_sodiumhypochlorite_Suppliers-0-13.html__https_www.chemnet.com_Global_Products_sodiumhypochlorite_Suppliers-0-13.html__c0f11e837d02.html,2026-04-24T17:23:06+00:00
119,Sodium hypochlorite,7681-52-9,https://www.chemnet.com/Global/Products/sodiumhypochlorite/Suppliers-0-14.html,10,raw/chemnet_com/_Global_Products_sodiumhypochlorite_Suppliers-0-14.html__https_www.chemnet.com_Global_Products_sodiumhypochlorite_Suppliers-0-14.html__c7ac29e32165.html,2026-04-24T17:23:08+00:00
120,Sodium hypochlorite,7681-52-9,https://www.chemnet.com/Global/Products/sodiumhypochlorite/Suppliers-0-15.html,10,raw/chemnet_com/_Global_Products_sodiumhypochlorite_Suppliers-0-15.html__https_www.chemnet.com_Global_Products_sodiumhypochlorite_Suppliers-0-15.html__e4af2337f4b5.html,2026-04-24T17:23:09+00:00
121,Sodium hypochlorite,7681-52-9,https://www.chemnet.com/Global/Products/sodiumhypochlorite/Suppliers-0-16.html,10,raw/chemnet_com/_Global_Products_sodiumhypochlorite_Suppliers-0-16.html__https_www.chemnet.com_Global_Products_sodiumhypochlorite_Suppliers-0-16.html__c00a7287031b.html,2026-04-24T17:23:12+00:00
122,Sodium hypochlorite,7681-52-9,https://www.chemnet.com/Global/Products/sodiumhypochlorite/Suppliers-0-17.html,10,raw/chemnet_com/_Global_Products_sodiumhypochlorite_Suppliers-0-17.html__https_www.chemnet.com_Global_Products_sodiumhypochlorite_Suppliers-0-17.html__bf6fdc094bbf.html,2026-04-24T17:23:14+00:00
123,Sodium hypochlorite,7681-52-9,https://www.chemnet.com/Global/Products/sodiumhypochlorite/Suppliers-0-18.html,10,raw/chemnet_com/_Global_Products_sodiumhypochlorite_Suppliers-0-18.html__https_www.chemnet.com_Global_Products_sodiumhypochlorite_Suppliers-0-18.html__0a7f859356de.html,2026-04-24T17:23:15+00:00
124,Sodium hypochlorite,7681-52-9,https://www.chemnet.com/Global/Products/sodiumhypochlorite/Suppliers-0-19.html,10,raw/chemnet_com/_Global_Products_sodiumhypochlorite_Suppliers-0-19.html__https_www.chemnet.com_Global_Products_sodiumhypochlorite_Suppliers-0-19.html__8342559f7ac5.html,2026-04-24T17:23:17+00:00
125,Palladium chloride,7647-10-1,http://www.chemnet.com/cas/supplier.cgi?terms=7647-10-1&exact=dict&l=&f=plist&terms1=&f1=plist&home1=&scale=pw&criteria=bprod,10,raw/chemnet_com/_cas_supplier.cgi__terms_7647-10-1_exact_dict_l_f_plist_terms1_f1_plist_home1_scale_pw_criteria_bpr__649e9a6b71b8.html,2026-04-24T17:23:20+00:00
126,Chloroform,67-66-3,http://www.chemnet.com/cas/supplier.cgi?terms=67-66-3&exact=dict&l=&f=plist&terms1=&f1=plist&home1=&scale=pw&criteria=bprod,10,raw/chemnet_com/_cas_supplier.cgi__terms_67-66-3_exact_dict_l_f_plist_terms1_f1_plist_home1_scale_pw_criteria_bprod__57655c745667.html,2026-04-24T17:23:22+00:00
127,Chloroform,67-66-3,https://www.chemnet.com/Global/Products/trichloromethane/Suppliers-0-0.html,10,raw/chemnet_com/_Global_Products_trichloromethane_Suppliers-0-0.html__https_www.chemnet.com_Global_Products_trichloromethane_Suppliers-0-0.html__f80933cb3496.html,2026-04-24T17:23:24+00:00
128,Chloroform,67-66-3,https://www.chemnet.com/Global/Products/trichloromethane/Suppliers-0-1.html,10,raw/chemnet_com/_Global_Products_trichloromethane_Suppliers-0-1.html__https_www.chemnet.com_Global_Products_trichloromethane_Suppliers-0-1.html__71b32216326e.html,2026-04-24T17:23:25+00:00
129,Chloroform,67-66-3,https://www.chemnet.com/Global/Products/trichloromethane/Suppliers-0-2.html,10,raw/chemnet_com/_Global_Products_trichloromethane_Suppliers-0-2.html__https_www.chemnet.com_Global_Products_trichloromethane_Suppliers-0-2.html__ab323a9739f0.html,2026-04-24T17:23:28+00:00
130,Chloroform,67-66-3,https://www.chemnet.com/Global/Products/trichloromethane/Suppliers-0-3.html,10,raw/chemnet_com/_Global_Products_trichloromethane_Suppliers-0-3.html__https_www.chemnet.com_Global_Products_trichloromethane_Suppliers-0-3.html__0baf13ba5fb6.html,2026-04-24T17:23:30+00:00
131,Chloroform,67-66-3,https://www.chemnet.com/Global/Products/trichloromethane/Suppliers-0-4.html,10,raw/chemnet_com/_Global_Products_trichloromethane_Suppliers-0-4.html__https_www.chemnet.com_Global_Products_trichloromethane_Suppliers-0-4.html__136b8abf204d.html,2026-04-24T17:23:32+00:00
132,Chloroform,67-66-3,https://www.chemnet.com/Global/Products/trichloromethane/Suppliers-0-5.html,10,raw/chemnet_com/_Global_Products_trichloromethane_Suppliers-0-5.html__https_www.chemnet.com_Global_Products_trichloromethane_Suppliers-0-5.html__913e36c5c4b1.html,2026-04-24T17:23:34+00:00
133,Chloroform,67-66-3,https://www.chemnet.com/Global/Products/trichloromethane/Suppliers-0-6.html,10,raw/chemnet_com/_Global_Products_trichloromethane_Suppliers-0-6.html__https_www.chemnet.com_Global_Products_trichloromethane_Suppliers-0-6.html__b4c1896877a6.html,2026-04-24T17:23:35+00:00
134,Chloroform,67-66-3,https://www.chemnet.com/Global/Products/trichloromethane/Suppliers-0-7.html,10,raw/chemnet_com/_Global_Products_trichloromethane_Suppliers-0-7.html__https_www.chemnet.com_Global_Products_trichloromethane_Suppliers-0-7.html__9a5d7c9ac04d.html,2026-04-24T17:23:38+00:00
135,Chloroform,67-66-3,https://www.chemnet.com/Global/Products/trichloromethane/Suppliers-0-8.html,10,raw/chemnet_com/_Global_Products_trichloromethane_Suppliers-0-8.html__https_www.chemnet.com_Global_Products_trichloromethane_Suppliers-0-8.html__e972ea060aee.html,2026-04-24T17:23:40+00:00
136,Chloroform,67-66-3,https://www.chemnet.com/Global/Products/trichloromethane/Suppliers-0-9.html,10,raw/chemnet_com/_Global_Products_trichloromethane_Suppliers-0-9.html__https_www.chemnet.com_Global_Products_trichloromethane_Suppliers-0-9.html__95428b1be6ed.html,2026-04-24T17:23:42+00:00
137,Chloroform,67-66-3,https://www.chemnet.com/Global/Products/trichloromethane/Suppliers-0-10.html,10,raw/chemnet_com/_Global_Products_trichloromethane_Suppliers-0-10.html__https_www.chemnet.com_Global_Products_trichloromethane_Suppliers-0-10.html__6e64ab8a81c9.html,2026-04-24T17:23:44+00:00
138,Chloroform,67-66-3,https://www.chemnet.com/Global/Products/trichloromethane/Suppliers-0-11.html,10,raw/chemnet_com/_Global_Products_trichloromethane_Suppliers-0-11.html__https_www.chemnet.com_Global_Products_trichloromethane_Suppliers-0-11.html__41d1fd42f75a.html,2026-04-24T17:23:46+00:00
139,Chloroform,67-66-3,https://www.chemnet.com/Global/Products/trichloromethane/Suppliers-0-12.html,10,raw/chemnet_com/_Global_Products_trichloromethane_Suppliers-0-12.html__https_www.chemnet.com_Global_Products_trichloromethane_Suppliers-0-12.html__43cf1e067046.html,2026-04-24T17:23:48+00:00
140,Chloroform,67-66-3,https://www.chemnet.com/Global/Products/trichloromethane/Suppliers-0-13.html,10,raw/chemnet_com/_Global_Products_trichloromethane_Suppliers-0-13.html__https_www.chemnet.com_Global_Products_trichloromethane_Suppliers-0-13.html__adb0005bea25.html,2026-04-24T17:23:50+00:00
141,Chloroform,67-66-3,https://www.chemnet.com/Global/Products/trichloromethane/Suppliers-0-14.html,10,raw/chemnet_com/_Global_Products_trichloromethane_Suppliers-0-14.html__https_www.chemnet.com_Global_Products_trichloromethane_Suppliers-0-14.html__b09da0f28127.html,2026-04-24T17:23:52+00:00
142,Chloroform,67-66-3,https://www.chemnet.com/Global/Products/trichloromethane/Suppliers-0-15.html,10,raw/chemnet_com/_Global_Products_trichloromethane_Suppliers-0-15.html__https_www.chemnet.com_Global_Products_trichloromethane_Suppliers-0-15.html__790bf8db84e7.html,2026-04-24T17:23:54+00:00
143,Chloroform,67-66-3,https://www.chemnet.com/Global/Products/trichloromethane/Suppliers-0-16.html,10,raw/chemnet_com/_Global_Products_trichloromethane_Suppliers-0-16.html__https_www.chemnet.com_Global_Products_trichloromethane_Suppliers-0-16.html__cc07fc3a1228.html,2026-04-24T17:23:56+00:00
144,Chloroform,67-66-3,https://www.chemnet.com/Global/Products/trichloromethane/Suppliers-0-17.html,10,raw/chemnet_com/_Global_Products_trichloromethane_Suppliers-0-17.html__https_www.chemnet.com_Global_Products_trichloromethane_Suppliers-0-17.html__614ba5599b3a.html,2026-04-24T17:23:58+00:00
145,Chloroform,67-66-3,https://www.chemnet.com/Global/Products/trichloromethane/Suppliers-0-18.html,7,raw/chemnet_com/_Global_Products_trichloromethane_Suppliers-0-18.html__https_www.chemnet.com_Global_Products_trichloromethane_Suppliers-0-18.html__474fe77c87fe.html,2026-04-24T17:24:00+00:00
146,Dichloromethane,75-09-2,http://www.chemnet.com/cas/supplier.cgi?terms=75-09-2&exact=dict&l=&f=plist&terms1=&f1=plist&home1=&scale=pw&criteria=bprod,10,raw/chemnet_com/_cas_supplier.cgi__terms_75-09-2_exact_dict_l_f_plist_terms1_f1_plist_home1_scale_pw_criteria_bprod__2fd893d1ade1.html,2026-04-24T17:24:02+00:00
147,Dichloromethane,75-09-2,https://www.chemnet.com/Global/Products/dichloromethane/Suppliers-0-0.html,10,raw/chemnet_com/_Global_Products_dichloromethane_Suppliers-0-0.html__https_www.chemnet.com_Global_Products_dichloromethane_Suppliers-0-0.html__79a660c47334.html,2026-04-24T17:24:04+00:00
148,Dichloromethane,75-09-2,https://www.chemnet.com/Global/Products/dichloromethane/Suppliers-0-1.html,10,raw/chemnet_com/_Global_Products_dichloromethane_Suppliers-0-1.html__https_www.chemnet.com_Global_Products_dichloromethane_Suppliers-0-1.html__dff51a29b6e9.html,2026-04-24T17:24:06+00:00
149,Dichloromethane,75-09-2,https://www.chemnet.com/Global/Products/dichloromethane/Suppliers-0-2.html,10,raw/chemnet_com/_Global_Products_dichloromethane_Suppliers-0-2.html__https_www.chemnet.com_Global_Products_dichloromethane_Suppliers-0-2.html__bd4e38faefdb.html,2026-04-24T17:24:08+00:00
150,Dichloromethane,75-09-2,https://www.chemnet.com/Global/Products/dichloromethane/Suppliers-0-3.html,10,raw/chemnet_com/_Global_Products_dichloromethane_Suppliers-0-3.html__https_www.chemnet.com_Global_Products_dichloromethane_Suppliers-0-3.html__8fee8bb588af.html,2026-04-24T17:24:10+00:00
151,Dichloromethane,75-09-2,https://www.chemnet.com/Global/Products/dichloromethane/Suppliers-0-4.html,10,raw/chemnet_com/_Global_Products_dichloromethane_Suppliers-0-4.html__https_www.chemnet.com_Global_Products_dichloromethane_Suppliers-0-4.html__9e9b10bdeb90.html,2026-04-24T17:24:12+00:00
152,Dichloromethane,75-09-2,https://www.chemnet.com/Global/Products/dichloromethane/Suppliers-0-5.html,10,raw/chemnet_com/_Global_Products_dichloromethane_Suppliers-0-5.html__https_www.chemnet.com_Global_Products_dichloromethane_Suppliers-0-5.html__e6c8296aa7de.html,2026-04-24T17:24:14+00:00
153,Dichloromethane,75-09-2,https://www.chemnet.com/Global/Products/dichloromethane/Suppliers-0-6.html,10,raw/chemnet_com/_Global_Products_dichloromethane_Suppliers-0-6.html__https_www.chemnet.com_Global_Products_dichloromethane_Suppliers-0-6.html__af0bbcbbc295.html,2026-04-24T17:24:16+00:00
154,Dichloromethane,75-09-2,https://www.chemnet.com/Global/Products/dichloromethane/Suppliers-0-7.html,10,raw/chemnet_com/_Global_Products_dichloromethane_Suppliers-0-7.html__https_www.chemnet.com_Global_Products_dichloromethane_Suppliers-0-7.html__c745d7c4d9d9.html,2026-04-24T17:24:18+00:00
155,Dichloromethane,75-09-2,https://www.chemnet.com/Global/Products/dichloromethane/Suppliers-0-8.html,10,raw/chemnet_com/_Global_Products_dichloromethane_Suppliers-0-8.html__https_www.chemnet.com_Global_Products_dichloromethane_Suppliers-0-8.html__269185dcec3e.html,2026-04-24T17:24:20+00:00
156,Dichloromethane,75-09-2,https://www.chemnet.com/Global/Products/dichloromethane/Suppliers-0-9.html,10,raw/chemnet_com/_Global_Products_dichloromethane_Suppliers-0-9.html__https_www.chemnet.com_Global_Products_dichloromethane_Suppliers-0-9.html__5618f3d785c6.html,2026-04-24T17:24:22+00:00
157,Dichloromethane,75-09-2,https://www.chemnet.com/Global/Products/dichloromethane/Suppliers-0-10.html,10,raw/chemnet_com/_Global_Products_dichloromethane_Suppliers-0-10.html__https_www.chemnet.com_Global_Products_dichloromethane_Suppliers-0-10.html__538b65bc7809.html,2026-04-24T17:24:24+00:00
158,Dichloromethane,75-09-2,https://www.chemnet.com/Global/Products/dichloromethane/Suppliers-0-11.html,10,raw/chemnet_com/_Global_Products_dichloromethane_Suppliers-0-11.html__https_www.chemnet.com_Global_Products_dichloromethane_Suppliers-0-11.html__e032e83579d3.html,2026-04-24T17:24:26+00:00
159,Dichloromethane,75-09-2,https://www.chemnet.com/Global/Products/dichloromethane/Suppliers-0-12.html,10,raw/chemnet_com/_Global_Products_dichloromethane_Suppliers-0-12.html__https_www.chemnet.com_Global_Products_dichloromethane_Suppliers-0-12.html__9472e1a2a055.html,2026-04-24T17:24:28+00:00
160,Dichloromethane,75-09-2,https://www.chemnet.com/Global/Products/dichloromethane/Suppliers-0-13.html,10,raw/chemnet_com/_Global_Products_dichloromethane_Suppliers-0-13.html__https_www.chemnet.com_Global_Products_dichloromethane_Suppliers-0-13.html__246d7cc6ec95.html,2026-04-24T17:24:30+00:00
161,Dichloromethane,75-09-2,https://www.chemnet.com/Global/Products/dichloromethane/Suppliers-0-14.html,10,raw/chemnet_com/_Global_Products_dichloromethane_Suppliers-0-14.html__https_www.chemnet.com_Global_Products_dichloromethane_Suppliers-0-14.html__e507bd543aef.html,2026-04-24T17:24:32+00:00
162,Dichloromethane,75-09-2,https://www.chemnet.com/Global/Products/dichloromethane/Suppliers-0-15.html,10,raw/chemnet_com/_Global_Products_dichloromethane_Suppliers-0-15.html__https_www.chemnet.com_Global_Products_dichloromethane_Suppliers-0-15.html__77a650aae372.html,2026-04-24T17:24:34+00:00
163,Dichloromethane,75-09-2,https://www.chemnet.com/Global/Products/dichloromethane/Suppliers-0-16.html,10,raw/chemnet_com/_Global_Products_dichloromethane_Suppliers-0-16.html__https_www.chemnet.com_Global_Products_dichloromethane_Suppliers-0-16.html__34e1339b89a7.html,2026-04-24T17:24:36+00:00
164,Dichloromethane,75-09-2,https://www.chemnet.com/Global/Products/dichloromethane/Suppliers-0-17.html,10,raw/chemnet_com/_Global_Products_dichloromethane_Suppliers-0-17.html__https_www.chemnet.com_Global_Products_dichloromethane_Suppliers-0-17.html__730ca7910c96.html,2026-04-24T17:24:38+00:00
165,Dichloromethane,75-09-2,https://www.chemnet.com/Global/Products/dichloromethane/Suppliers-0-18.html,10,raw/chemnet_com/_Global_Products_dichloromethane_Suppliers-0-18.html__https_www.chemnet.com_Global_Products_dichloromethane_Suppliers-0-18.html__cb852a3eb0be.html,2026-04-24T17:24:40+00:00
166,Dichloromethane,75-09-2,https://www.chemnet.com/Global/Products/dichloromethane/Suppliers-0-19.html,10,raw/chemnet_com/_Global_Products_dichloromethane_Suppliers-0-19.html__https_www.chemnet.com_Global_Products_dichloromethane_Suppliers-0-19.html__c2e1cbf7e460.html,2026-04-24T17:24:42+00:00
167,N-methylformamide,123-39-7,http://www.chemnet.com/cas/supplier.cgi?terms=123-39-7&exact=dict&l=&f=plist&terms1=&f1=plist&home1=&scale=pw&criteria=bprod,0,raw/chemnet_com/_cas_supplier.cgi__terms_123-39-7_exact_dict_l_f_plist_terms1_f1_plist_home1_scale_pw_criteria_bpro__94fa1577d5ce.html,2026-04-24T17:24:44+00:00
168,Formamide,75-12-7,http://www.chemnet.com/cas/supplier.cgi?terms=75-12-7&exact=dict&l=&f=plist&terms1=&f1=plist&home1=&scale=pw&criteria=bprod,10,raw/chemnet_com/_cas_supplier.cgi__terms_75-12-7_exact_dict_l_f_plist_terms1_f1_plist_home1_scale_pw_criteria_bprod__217b5516bcec.html,2026-04-24T17:24:46+00:00
169,Formamide,75-12-7,https://www.chemnet.com/Global/Products/formamide/Suppliers-0-0.html,10,raw/chemnet_com/_Global_Products_formamide_Suppliers-0-0.html__https_www.chemnet.com_Global_Products_formamide_Suppliers-0-0.html__d5c0731cdf34.html,2026-04-24T17:24:48+00:00
170,Formamide,75-12-7,https://www.chemnet.com/Global/Products/formamide/Suppliers-0-1.html,10,raw/chemnet_com/_Global_Products_formamide_Suppliers-0-1.html__https_www.chemnet.com_Global_Products_formamide_Suppliers-0-1.html__3b28d2d0f266.html,2026-04-24T17:24:50+00:00
171,Formamide,75-12-7,https://www.chemnet.com/Global/Products/formamide/Suppliers-0-2.html,10,raw/chemnet_com/_Global_Products_formamide_Suppliers-0-2.html__https_www.chemnet.com_Global_Products_formamide_Suppliers-0-2.html__fbd28a7d4695.html,2026-04-24T17:24:52+00:00
172,Formamide,75-12-7,https://www.chemnet.com/Global/Products/formamide/Suppliers-0-3.html,10,raw/chemnet_com/_Global_Products_formamide_Suppliers-0-3.html__https_www.chemnet.com_Global_Products_formamide_Suppliers-0-3.html__7b68febebd79.html,2026-04-24T17:24:54+00:00
173,Formamide,75-12-7,https://www.chemnet.com/Global/Products/formamide/Suppliers-0-4.html,10,raw/chemnet_com/_Global_Products_formamide_Suppliers-0-4.html__https_www.chemnet.com_Global_Products_formamide_Suppliers-0-4.html__3999e975b198.html,2026-04-24T17:24:56+00:00
174,Formamide,75-12-7,https://www.chemnet.com/Global/Products/formamide/Suppliers-0-5.html,5,raw/chemnet_com/_Global_Products_formamide_Suppliers-0-5.html__https_www.chemnet.com_Global_Products_formamide_Suppliers-0-5.html__9b8e7d70b9f0.html,2026-04-24T17:24:58+00:00
175,Benzaldehyde,100-52-7,http://www.chemnet.com/cas/supplier.cgi?terms=100-52-7&exact=dict&l=&f=plist&terms1=&f1=plist&home1=&scale=pw&criteria=bprod,0,raw/chemnet_com/_cas_supplier.cgi__terms_100-52-7_exact_dict_l_f_plist_terms1_f1_plist_home1_scale_pw_criteria_bpro__e0843a3ae078.html,2026-04-24T17:25:00+00:00
176,Nitroethane,79-24-3,http://www.chemnet.com/cas/supplier.cgi?terms=79-24-3&exact=dict&l=&f=plist&terms1=&f1=plist&home1=&scale=pw&criteria=bprod,4,raw/chemnet_com/_cas_supplier.cgi__terms_79-24-3_exact_dict_l_f_plist_terms1_f1_plist_home1_scale_pw_criteria_bprod__db6120d9ad1e.html,2026-04-24T17:25:02+00:00
177,Nitroethane,79-24-3,https://www.chemnet.com/Global/Products/nitroethane/Suppliers-0-0.html,6,raw/chemnet_com/_Global_Products_nitroethane_Suppliers-0-0.html__https_www.chemnet.com_Global_Products_nitroethane_Suppliers-0-0.html__fe441a9f4809.html,2026-04-24T17:25:04+00:00
178,Hydrogen peroxide,7722-84-1,http://www.chemnet.com/cas/supplier.cgi?terms=7722-84-1&exact=dict&l=&f=plist&terms1=&f1=plist&home1=&scale=pw&criteria=bprod,10,raw/chemnet_com/_cas_supplier.cgi__terms_7722-84-1_exact_dict_l_f_plist_terms1_f1_plist_home1_scale_pw_criteria_bpr__59e2957e6dc2.html,2026-04-24T17:25:06+00:00
179,Hydrogen peroxide,7722-84-1,https://www.chemnet.com/Global/Products/hydrogenperoxide/Suppliers-0-0.html,10,raw/chemnet_com/_Global_Products_hydrogenperoxide_Suppliers-0-0.html__https_www.chemnet.com_Global_Products_hydrogenperoxide_Suppliers-0-0.html__5fe4a408fbc4.html,2026-04-24T17:25:08+00:00
180,Hydrogen peroxide,7722-84-1,https://www.chemnet.com/Global/Products/hydrogenperoxide/Suppliers-0-1.html,10,raw/chemnet_com/_Global_Products_hydrogenperoxide_Suppliers-0-1.html__https_www.chemnet.com_Global_Products_hydrogenperoxide_Suppliers-0-1.html__dae5b7139212.html,2026-04-24T17:25:10+00:00
181,Hydrogen peroxide,7722-84-1,https://www.chemnet.com/Global/Products/hydrogenperoxide/Suppliers-0-2.html,10,raw/chemnet_com/_Global_Products_hydrogenperoxide_Suppliers-0-2.html__https_www.chemnet.com_Global_Products_hydrogenperoxide_Suppliers-0-2.html__134905714f29.html,2026-04-24T17:25:12+00:00
182,Hydrogen peroxide,7722-84-1,https://www.chemnet.com/Global/Products/hydrogenperoxide/Suppliers-0-3.html,10,raw/chemnet_com/_Global_Products_hydrogenperoxide_Suppliers-0-3.html__https_www.chemnet.com_Global_Products_hydrogenperoxide_Suppliers-0-3.html__06493728a627.html,2026-04-24T17:25:14+00:00
183,Hydrogen peroxide,7722-84-1,https://www.chemnet.com/Global/Products/hydrogenperoxide/Suppliers-0-4.html,10,raw/chemnet_com/_Global_Products_hydrogenperoxide_Suppliers-0-4.html__https_www.chemnet.com_Global_Products_hydrogenperoxide_Suppliers-0-4.html__4d7be7460dcc.html,2026-04-24T17:25:16+00:00
184,Hydrogen peroxide,7722-84-1,https://www.chemnet.com/Global/Products/hydrogenperoxide/Suppliers-0-5.html,10,raw/chemnet_com/_Global_Products_hydrogenperoxide_Suppliers-0-5.html__https_www.chemnet.com_Global_Products_hydrogenperoxide_Suppliers-0-5.html__fca0deae8bcf.html,2026-04-24T17:25:18+00:00
185,Hydrogen peroxide,7722-84-1,https://www.chemnet.com/Global/Products/hydrogenperoxide/Suppliers-0-6.html,10,raw/chemnet_com/_Global_Products_hydrogenperoxide_Suppliers-0-6.html__https_www.chemnet.com_Global_Products_hydrogenperoxide_Suppliers-0-6.html__c96157ca1390.html,2026-04-24T17:25:20+00:00
186,Hydrogen peroxide,7722-84-1,https://www.chemnet.com/Global/Products/hydrogenperoxide/Suppliers-0-7.html,10,raw/chemnet_com/_Global_Products_hydrogenperoxide_Suppliers-0-7.html__https_www.chemnet.com_Global_Products_hydrogenperoxide_Suppliers-0-7.html__c938e8a57d22.html,2026-04-24T17:25:22+00:00
187,Hydrogen peroxide,7722-84-1,https://www.chemnet.com/Global/Products/hydrogenperoxide/Suppliers-0-8.html,10,raw/chemnet_com/_Global_Products_hydrogenperoxide_Suppliers-0-8.html__https_www.chemnet.com_Global_Products_hydrogenperoxide_Suppliers-0-8.html__7f0aa466a138.html,2026-04-24T17:25:24+00:00
188,Hydrogen peroxide,7722-84-1,https://www.chemnet.com/Global/Products/hydrogenperoxide/Suppliers-0-9.html,10,raw/chemnet_com/_Global_Products_hydrogenperoxide_Suppliers-0-9.html__https_www.chemnet.com_Global_Products_hydrogenperoxide_Suppliers-0-9.html__e82d00f5ce8c.html,2026-04-24T17:25:26+00:00
189,Hydrogen peroxide,7722-84-1,https://www.chemnet.com/Global/Products/hydrogenperoxide/Suppliers-0-10.html,10,raw/chemnet_com/_Global_Products_hydrogenperoxide_Suppliers-0-10.html__https_www.chemnet.com_Global_Products_hydrogenperoxide_Suppliers-0-10.html__cb828319b965.html,2026-04-24T17:25:28+00:00
190,Hydrogen peroxide,7722-84-1,https://www.chemnet.com/Global/Products/hydrogenperoxide/Suppliers-0-11.html,10,raw/chemnet_com/_Global_Products_hydrogenperoxide_Suppliers-0-11.html__https_www.chemnet.com_Global_Products_hydrogenperoxide_Suppliers-0-11.html__c9ccb52b040f.html,2026-04-24T17:25:30+00:00
191,Hydrogen peroxide,7722-84-1,https://www.chemnet.com/Global/Products/hydrogenperoxide/Suppliers-0-12.html,10,raw/chemnet_com/_Global_Products_hydrogenperoxide_Suppliers-0-12.html__https_www.chemnet.com_Global_Products_hydrogenperoxide_Suppliers-0-12.html__a5bfb2aac343.html,2026-04-24T17:25:32+00:00
192,Hydrogen peroxide,7722-84-1,https://www.chemnet.com/Global/Products/hydrogenperoxide/Suppliers-0-13.html,10,raw/chemnet_com/_Global_Products_hydrogenperoxide_Suppliers-0-13.html__https_www.chemnet.com_Global_Products_hydrogenperoxide_Suppliers-0-13.html__d0bd0d973863.html,2026-04-24T17:25:34+00:00
193,Hydrogen peroxide,7722-84-1,https://www.chemnet.com/Global/Products/hydrogenperoxide/Suppliers-0-14.html,10,raw/chemnet_com/_Global_Products_hydrogenperoxide_Suppliers-0-14.html__https_www.chemnet.com_Global_Products_hydrogenperoxide_Suppliers-0-14.html__58d7ddb68e58.html,2026-04-24T17:25:36+00:00
194,Hydrogen peroxide,7722-84-1,https://www.chemnet.com/Global/Products/hydrogenperoxide/Suppliers-0-15.html,10,raw/chemnet_com/_Global_Products_hydrogenperoxide_Suppliers-0-15.html__https_www.chemnet.com_Global_Products_hydrogenperoxide_Suppliers-0-15.html__c98b7990e357.html,2026-04-24T17:25:38+00:00
195,Hydrogen peroxide,7722-84-1,https://www.chemnet.com/Global/Products/hydrogenperoxide/Suppliers-0-16.html,10,raw/chemnet_com/_Global_Products_hydrogenperoxide_Suppliers-0-16.html__https_www.chemnet.com_Global_Products_hydrogenperoxide_Suppliers-0-16.html__15b35031dac4.html,2026-04-24T17:25:40+00:00
196,Hydrogen peroxide,7722-84-1,https://www.chemnet.com/Global/Products/hydrogenperoxide/Suppliers-0-17.html,10,raw/chemnet_com/_Global_Products_hydrogenperoxide_Suppliers-0-17.html__https_www.chemnet.com_Global_Products_hydrogenperoxide_Suppliers-0-17.html__95a2b932fcd7.html,2026-04-24T17:25:42+00:00
197,Hydrogen peroxide,7722-84-1,https://www.chemnet.com/Global/Products/hydrogenperoxide/Suppliers-0-18.html,2,raw/chemnet_com/_Global_Products_hydrogenperoxide_Suppliers-0-18.html__https_www.chemnet.com_Global_Products_hydrogenperoxide_Suppliers-0-18.html__0261e8169717.html,2026-04-24T17:25:44+00:00
198,Benzyl chloride,100-44-7,http://www.chemnet.com/cas/supplier.cgi?terms=100-44-7&exact=dict&l=&f=plist&terms1=&f1=plist&home1=&scale=pw&criteria=bprod,0,raw/chemnet_com/_cas_supplier.cgi__terms_100-44-7_exact_dict_l_f_plist_terms1_f1_plist_home1_scale_pw_criteria_bpro__eb105fbeb11d.html,2026-04-24T17:25:46+00:00
199,Methyl ethyl ketone,78-93-3,http://www.chemnet.com/cas/supplier.cgi?terms=78-93-3&exact=dict&l=&f=plist&terms1=&f1=plist&home1=&scale=pw&criteria=bprod,10,raw/chemnet_com/_cas_supplier.cgi__terms_78-93-3_exact_dict_l_f_plist_terms1_f1_plist_home1_scale_pw_criteria_bprod__eedcfab769f8.html,2026-04-24T17:25:48+00:00
200,Methyl ethyl ketone,78-93-3,https://www.chemnet.com/Global/Products/2butanone/Suppliers-0-0.html,10,raw/chemnet_com/_Global_Products_2butanone_Suppliers-0-0.html__https_www.chemnet.com_Global_Products_2butanone_Suppliers-0-0.html__ca2f0bb55400.html,2026-04-24T17:25:50+00:00
201,Methyl ethyl ketone,78-93-3,https://www.chemnet.com/Global/Products/2butanone/Suppliers-0-1.html,10,raw/chemnet_com/_Global_Products_2butanone_Suppliers-0-1.html__https_www.chemnet.com_Global_Products_2butanone_Suppliers-0-1.html__a10d88cf44c7.html,2026-04-24T17:25:52+00:00
202,Methyl ethyl ketone,78-93-3,https://www.chemnet.com/Global/Products/2butanone/Suppliers-0-2.html,10,raw/chemnet_com/_Global_Products_2butanone_Suppliers-0-2.html__https_www.chemnet.com_Global_Products_2butanone_Suppliers-0-2.html__36f8c3f81495.html,2026-04-24T17:25:54+00:00
203,Methyl ethyl ketone,78-93-3,https://www.chemnet.com/Global/Products/2butanone/Suppliers-0-3.html,10,raw/chemnet_com/_Global_Products_2butanone_Suppliers-0-3.html__https_www.chemnet.com_Global_Products_2butanone_Suppliers-0-3.html__a1c4a614fdff.html,2026-04-24T17:25:56+00:00
204,Methyl ethyl ketone,78-93-3,https://www.chemnet.com/Global/Products/2butanone/Suppliers-0-4.html,10,raw/chemnet_com/_Global_Products_2butanone_Suppliers-0-4.html__https_www.chemnet.com_Global_Products_2butanone_Suppliers-0-4.html__988e23532e5c.html,2026-04-24T17:25:58+00:00
205,Methyl ethyl ketone,78-93-3,https://www.chemnet.com/Global/Products/2butanone/Suppliers-0-5.html,10,raw/chemnet_com/_Global_Products_2butanone_Suppliers-0-5.html__https_www.chemnet.com_Global_Products_2butanone_Suppliers-0-5.html__1c5a9097a127.html,2026-04-24T17:26:00+00:00
206,Methyl ethyl ketone,78-93-3,https://www.chemnet.com/Global/Products/2butanone/Suppliers-0-6.html,10,raw/chemnet_com/_Global_Products_2butanone_Suppliers-0-6.html__https_www.chemnet.com_Global_Products_2butanone_Suppliers-0-6.html__3d2a847c46dc.html,2026-04-24T17:26:02+00:00
207,Methyl ethyl ketone,78-93-3,https://www.chemnet.com/Global/Products/2butanone/Suppliers-0-7.html,10,raw/chemnet_com/_Global_Products_2butanone_Suppliers-0-7.html__https_www.chemnet.com_Global_Products_2butanone_Suppliers-0-7.html__7737344f2e5e.html,2026-04-24T17:26:04+00:00
208,Methyl ethyl ketone,78-93-3,https://www.chemnet.com/Global/Products/2butanone/Suppliers-0-8.html,10,raw/chemnet_com/_Global_Products_2butanone_Suppliers-0-8.html__https_www.chemnet.com_Global_Products_2butanone_Suppliers-0-8.html__7ad00319e16a.html,2026-04-24T17:26:06+00:00
209,Methyl ethyl ketone,78-93-3,https://www.chemnet.com/Global/Products/2butanone/Suppliers-0-9.html,10,raw/chemnet_com/_Global_Products_2butanone_Suppliers-0-9.html__https_www.chemnet.com_Global_Products_2butanone_Suppliers-0-9.html__f4b56f568158.html,2026-04-24T17:26:08+00:00
210,Methyl ethyl ketone,78-93-3,https://www.chemnet.com/Global/Products/2butanone/Suppliers-0-10.html,10,raw/chemnet_com/_Global_Products_2butanone_Suppliers-0-10.html__https_www.chemnet.com_Global_Products_2butanone_Suppliers-0-10.html__9adbae92cd2e.html,2026-04-24T17:26:10+00:00
211,Methyl ethyl ketone,78-93-3,https://www.chemnet.com/Global/Products/2butanone/Suppliers-0-11.html,10,raw/chemnet_com/_Global_Products_2butanone_Suppliers-0-11.html__https_www.chemnet.com_Global_Products_2butanone_Suppliers-0-11.html__c082cdff0999.html,2026-04-24T17:26:12+00:00
212,Methyl ethyl ketone,78-93-3,https://www.chemnet.com/Global/Products/2butanone/Suppliers-0-12.html,10,raw/chemnet_com/_Global_Products_2butanone_Suppliers-0-12.html__https_www.chemnet.com_Global_Products_2butanone_Suppliers-0-12.html__ae9589a425d8.html,2026-04-24T17:26:14+00:00
213,Methyl ethyl ketone,78-93-3,https://www.chemnet.com/Global/Products/2butanone/Suppliers-0-13.html,10,raw/chemnet_com/_Global_Products_2butanone_Suppliers-0-13.html__https_www.chemnet.com_Global_Products_2butanone_Suppliers-0-13.html__d84b43231175.html,2026-04-24T17:26:16+00:00
214,Methyl ethyl ketone,78-93-3,https://www.chemnet.com/Global/Products/2butanone/Suppliers-0-14.html,10,raw/chemnet_com/_Global_Products_2butanone_Suppliers-0-14.html__https_www.chemnet.com_Global_Products_2butanone_Suppliers-0-14.html__f348fb06834d.html,2026-04-24T17:26:18+00:00
215,Methyl ethyl ketone,78-93-3,https://www.chemnet.com/Global/Products/2butanone/Suppliers-0-15.html,10,raw/chemnet_com/_Global_Products_2butanone_Suppliers-0-15.html__https_www.chemnet.com_Global_Products_2butanone_Suppliers-0-15.html__37ca238928c5.html,2026-04-24T17:26:20+00:00
216,Methyl ethyl ketone,78-93-3,https://www.chemnet.com/Global/Products/2butanone/Suppliers-0-16.html,10,raw/chemnet_com/_Global_Products_2butanone_Suppliers-0-16.html__https_www.chemnet.com_Global_Products_2butanone_Suppliers-0-16.html__dbb6449fda0c.html,2026-04-24T17:26:22+00:00
217,Methyl ethyl ketone,78-93-3,https://www.chemnet.com/Global/Products/2butanone/Suppliers-0-17.html,10,raw/chemnet_com/_Global_Products_2butanone_Suppliers-0-17.html__https_www.chemnet.com_Global_Products_2butanone_Suppliers-0-17.html__b44ec969dbf9.html,2026-04-24T17:26:24+00:00
218,Methyl ethyl ketone,78-93-3,https://www.chemnet.com/Global/Products/2butanone/Suppliers-0-18.html,10,raw/chemnet_com/_Global_Products_2butanone_Suppliers-0-18.html__https_www.chemnet.com_Global_Products_2butanone_Suppliers-0-18.html__3e0df28549fd.html,2026-04-24T17:26:26+00:00
219,Methyl ethyl ketone,78-93-3,https://www.chemnet.com/Global/Products/2butanone/Suppliers-0-19.html,10,raw/chemnet_com/_Global_Products_2butanone_Suppliers-0-19.html__https_www.chemnet.com_Global_Products_2butanone_Suppliers-0-19.html__b4f33cfbe427.html,2026-04-24T17:26:28+00:00
220,Gamma-butyrolactone,96-48-0,http://www.chemnet.com/cas/supplier.cgi?terms=96-48-0&exact=dict&l=&f=plist&terms1=&f1=plist&home1=&scale=pw&criteria=bprod,10,raw/chemnet_com/_cas_supplier.cgi__terms_96-48-0_exact_dict_l_f_plist_terms1_f1_plist_home1_scale_pw_criteria_bprod__0aa175441573.html,2026-04-24T17:26:30+00:00
221,Gamma-butyrolactone,96-48-0,https://www.chemnet.com/Global/Products/gammabutyrolactone/Suppliers-0-0.html,10,raw/chemnet_com/_Global_Products_gammabutyrolactone_Suppliers-0-0.html__https_www.chemnet.com_Global_Products_gammabutyrolactone_Suppliers-0-0.html__9ef08cbeac64.html,2026-04-24T17:26:32+00:00
222,Gamma-butyrolactone,96-48-0,https://www.chemnet.com/Global/Products/gammabutyrolactone/Suppliers-0-1.html,10,raw/chemnet_com/_Global_Products_gammabutyrolactone_Suppliers-0-1.html__https_www.chemnet.com_Global_Products_gammabutyrolactone_Suppliers-0-1.html__930bf10f44c4.html,2026-04-24T17:26:35+00:00
223,Gamma-butyrolactone,96-48-0,https://www.chemnet.com/Global/Products/gammabutyrolactone/Suppliers-0-2.html,10,raw/chemnet_com/_Global_Products_gammabutyrolactone_Suppliers-0-2.html__https_www.chemnet.com_Global_Products_gammabutyrolactone_Suppliers-0-2.html__cbd25a9db1f3.html,2026-04-24T17:26:36+00:00
224,Gamma-butyrolactone,96-48-0,https://www.chemnet.com/Global/Products/gammabutyrolactone/Suppliers-0-3.html,10,raw/chemnet_com/_Global_Products_gammabutyrolactone_Suppliers-0-3.html__https_www.chemnet.com_Global_Products_gammabutyrolactone_Suppliers-0-3.html__ef20939cdda4.html,2026-04-24T17:26:38+00:00
225,Gamma-butyrolactone,96-48-0,https://www.chemnet.com/Global/Products/gammabutyrolactone/Suppliers-0-4.html,6,raw/chemnet_com/_Global_Products_gammabutyrolactone_Suppliers-0-4.html__https_www.chemnet.com_Global_Products_gammabutyrolactone_Suppliers-0-4.html__1ce267c589c9.html,2026-04-24T17:26:40+00:00
226,Acetic anhydride,,https://www.chemnet.com/Global/Products/acetic-anhydride/Suppliers-0-0.html,10,raw/chemnet_com/_Global_Products_acetic-anhydride_Suppliers-0-0.html__https_www.chemnet.com_Global_Products_acetic-anhydride_Suppliers-0-0.html__406c451106e8.html,2026-04-24T17:26:42+00:00
227,Sorbic acid,,https://www.chemnet.com/Global/Products/sorbic-acid/Suppliers-0-0.html,10,raw/chemnet_com/_Global_Products_sorbic-acid_Suppliers-0-0.html__https_www.chemnet.com_Global_Products_sorbic-acid_Suppliers-0-0.html__5e94685acd1b.html,2026-04-24T17:26:44+00:00
228,Potassium sorbate,,https://www.chemnet.com/Global/Products/potassium-sorbate/Suppliers-0-0.html,10,raw/chemnet_com/_Global_Products_potassium-sorbate_Suppliers-0-0.html__https_www.chemnet.com_Global_Products_potassium-sorbate_Suppliers-0-0.html__17609f332a08.html,2026-04-24T17:26:46+00:00
229,Sodium dehydroacet...,,https://www.chemnet.com/Global/Products/sodium-dehydroacetate/Suppliers-0-0.html,10,raw/chemnet_com/_Global_Products_sodium-dehydroacetate_Suppliers-0-0.html__https_www.chemnet.com_Global_Products_sodium-dehydroacetate_Suppliers-0-0.html__0432a79b427b.html,2026-04-24T17:26:48+00:00
230,Methyl acetoacetat...,,https://www.chemnet.com/Global/Products/methyl-acetoacetate/Suppliers-0-0.html,10,raw/chemnet_com/_Global_Products_methyl-acetoacetate_Suppliers-0-0.html__https_www.chemnet.com_Global_Products_methyl-acetoacetate_Suppliers-0-0.html__b0bcec87fe8f.html,2026-04-24T17:26:50+00:00
231,Ethyl acetoacetate,,https://www.chemnet.com/Global/Products/ethyl-acetoacetate/Suppliers-0-0.html,10,raw/chemnet_com/_Global_Products_ethyl-acetoacetate_Suppliers-0-0.html__https_www.chemnet.com_Global_Products_ethyl-acetoacetate_Suppliers-0-0.html__ee893dc19779.html,2026-04-24T17:26:52+00:00
232,Xylene,,https://www.chemnet.com/Global/Products/xylene/Suppliers-0-0.html,10,raw/chemnet_com/_Global_Products_xylene_Suppliers-0-0.html__https_www.chemnet.com_Global_Products_xylene_Suppliers-0-0.html__1cb6b4172edb.html,2026-04-24T17:26:54+00:00
233,"1,2-Propanediol",,"https://www.chemnet.com/Global/Products/1,2-propanediol/Suppliers-0-0.html",10,raw/chemnet_com/_Global_Products_1_2-propanediol_Suppliers-0-0.html__https_www.chemnet.com_Global_Products_1_2-propanediol_Suppliers-0-0.html__f2b27c0e1609.html,2026-04-24T17:26:56+00:00
234,Dichloromethane,,https://www.chemnet.com/Global/Products/dichloromethane/Suppliers-0-0.html,10,raw/chemnet_com/_Global_Products_dichloromethane_Suppliers-0-0.html__https_www.chemnet.com_Global_Products_dichloromethane_Suppliers-0-0.html__79a660c47334.html,2026-04-24T17:26:56+00:00
235,Triethylamine,,https://www.chemnet.com/Global/Products/triethylamine/Suppliers-0-0.html,10,raw/chemnet_com/_Global_Products_triethylamine_Suppliers-0-0.html__https_www.chemnet.com_Global_Products_triethylamine_Suppliers-0-0.html__3cbeb9c58d64.html,2026-04-24T17:26:58+00:00
236,Acetic acid,,https://www.chemnet.com/Global/Products/acetic-acid/Suppliers-0-0.html,10,raw/chemnet_com/_Global_Products_acetic-acid_Suppliers-0-0.html__https_www.chemnet.com_Global_Products_acetic-acid_Suppliers-0-0.html__897a90f4b874.html,2026-04-24T17:27:00+00:00
237,Crotonaldehyde,,https://www.chemnet.com/Global/Products/crotonaldehyde/Suppliers-0-0.html,10,raw/chemnet_com/_Global_Products_crotonaldehyde_Suppliers-0-0.html__https_www.chemnet.com_Global_Products_crotonaldehyde_Suppliers-0-0.html__d3fbb0c34cfb.html,2026-04-24T17:27:02+00:00
238,Trichloroisocyanyr...,,https://www.chemnet.com/Global/Products/trichloroisocyanyr-ic-acid/Suppliers-0-0.html,1,raw/chemnet_com/_Global_Products_trichloroisocyanyr-ic-acid_Suppliers-0-0.html__https_www.chemnet.com_Global_Products_trichloroisocyanyr-ic-acid_Suppliers-0-0.h__f25739a401ea.html,2026-04-24T17:27:04+00:00
239,TCCA,,https://www.chemnet.com/Global/Products/tcca/Suppliers-0-0.html,10,raw/chemnet_com/_Global_Products_tcca_Suppliers-0-0.html__https_www.chemnet.com_Global_Products_tcca_Suppliers-0-0.html__8dfdbc15be7c.html,2026-04-24T17:27:06+00:00
240,Sodium Dichloroiso...,,https://www.chemnet.com/Global/Products/sodium-dichloroisocyanurate/Suppliers-0-0.html,10,raw/chemnet_com/_Global_Products_sodium-dichloroisocyanurate_Suppliers-0-0.html__https_www.chemnet.com_Global_Products_sodium-dichloroisocyanurate_Suppliers-0-0.__9cd13695eb8e.html,2026-04-24T17:27:08+00:00
241,DccNa,,https://www.chemnet.com/Global/Products/dccna/Suppliers-0-0.html,3,raw/chemnet_com/_Global_Products_dccna_Suppliers-0-0.html__https_www.chemnet.com_Global_Products_dccna_Suppliers-0-0.html__2cfcc49917a5.html,2026-04-24T17:27:10+00:00
242,Acetylacetone,,https://www.chemnet.com/Global/Products/acetylacetone/Suppliers-0-0.html,10,raw/chemnet_com/_Global_Products_acetylacetone_Suppliers-0-0.html__https_www.chemnet.com_Global_Products_acetylacetone_Suppliers-0-0.html__160c832fa1ef.html,2026-04-24T17:27:12+00:00
243,"2,4-Pentanedione",,"https://www.chemnet.com/Global/Products/2,4-pentanedione/Suppliers-0-0.html",10,raw/chemnet_com/_Global_Products_2_4-pentanedione_Suppliers-0-0.html__https_www.chemnet.com_Global_Products_2_4-pentanedione_Suppliers-0-0.html__ddabce55cf86.html,2026-04-24T17:27:14+00:00
244,PVA,,https://www.chemnet.com/Global/Products/pva/Suppliers-0-0.html,10,raw/chemnet_com/_Global_Products_pva_Suppliers-0-0.html__https_www.chemnet.com_Global_Products_pva_Suppliers-0-0.html__b46f7a541130.html,2026-04-24T17:27:16+00:00
245,Water-retention ag...,,https://www.chemnet.com/Global/Products/water-retention-agent/Suppliers-0-0.html,1,raw/chemnet_com/_Global_Products_water-retention-agent_Suppliers-0-0.html__https_www.chemnet.com_Global_Products_water-retention-agent_Suppliers-0-0.html__195c9bd8e70e.html,2026-04-24T17:27:18+00:00
246,VAE Adhesive,,https://www.chemnet.com/Global/Products/vae-adhesive/Suppliers-0-0.html,1,raw/chemnet_com/_Global_Products_vae-adhesive_Suppliers-0-0.html__https_www.chemnet.com_Global_Products_vae-adhesive_Suppliers-0-0.html__59fc25e8e6a8.html,2026-04-24T17:27:20+00:00
247,frog brand series,,https://www.chemnet.com/Global/Products/frog-brand-series/Suppliers-0-0.html,1,raw/chemnet_com/_Global_Products_frog-brand-series_Suppliers-0-0.html__https_www.chemnet.com_Global_Products_frog-brand-series_Suppliers-0-0.html__bbaab39d3057.html,2026-04-24T17:27:22+00:00
248,Dibutyl phthalate,,https://www.chemnet.com/Global/Products/dibutyl-phthalate/Suppliers-0-0.html,10,raw/chemnet_com/_Global_Products_dibutyl-phthalate_Suppliers-0-0.html__https_www.chemnet.com_Global_Products_dibutyl-phthalate_Suppliers-0-0.html__0ac9b767100f.html,2026-04-24T17:27:24+00:00
249,Trichloromethane,,https://www.chemnet.com/Global/Products/trichloromethane/Suppliers-0-0.html,10,raw/chemnet_com/_Global_Products_trichloromethane_Suppliers-0-0.html__https_www.chemnet.com_Global_Products_trichloromethane_Suppliers-0-0.html__f80933cb3496.html,2026-04-24T17:27:24+00:00
250,Liquid Ammonia,,https://www.chemnet.com/Global/Products/liquid-ammonia/Suppliers-0-0.html,10,raw/chemnet_com/_Global_Products_liquid-ammonia_Suppliers-0-0.html__https_www.chemnet.com_Global_Products_liquid-ammonia_Suppliers-0-0.html__95ebf19137a1.html,2026-04-24T17:27:26+00:00
251,Perchlorethylene,,https://www.chemnet.com/Global/Products/perchlorethylene/Suppliers-0-0.html,10,raw/chemnet_com/_Global_Products_perchlorethylene_Suppliers-0-0.html__https_www.chemnet.com_Global_Products_perchlorethylene_Suppliers-0-0.html__5e06c7b483de.html,2026-04-24T17:27:28+00:00
252,Trichloroethylene,,https://www.chemnet.com/Global/Products/trichloroethylene/Suppliers-0-0.html,10,raw/chemnet_com/_Global_Products_trichloroethylene_Suppliers-0-0.html__https_www.chemnet.com_Global_Products_trichloroethylene_Suppliers-0-0.html__6d5d298a75e4.html,2026-04-24T17:27:30+00:00
253,Isobutyl acetate,,https://www.chemnet.com/Global/Products/isobutyl-acetate/Suppliers-0-0.html,10,raw/chemnet_com/_Global_Products_isobutyl-acetate_Suppliers-0-0.html__https_www.chemnet.com_Global_Products_isobutyl-acetate_Suppliers-0-0.html__a80ee90e72b3.html,2026-04-24T17:27:32+00:00
254,4-hydroxy-2-butano...,,https://www.chemnet.com/Global/Products/4-hydroxy-2-butanone/Suppliers-0-0.html,8,raw/chemnet_com/_Global_Products_4-hydroxy-2-butanone_Suppliers-0-0.html__https_www.chemnet.com_Global_Products_4-hydroxy-2-butanone_Suppliers-0-0.html__c35fdd600e96.html,2026-04-24T17:27:34+00:00
255,trans-2-hexenal,,https://www.chemnet.com/Global/Products/trans-2-hexenal/Suppliers-0-0.html,10,raw/chemnet_com/_Global_Products_trans-2-hexenal_Suppliers-0-0.html__https_www.chemnet.com_Global_Products_trans-2-hexenal_Suppliers-0-0.html__eb2706f4a625.html,2026-04-24T17:27:36+00:00
256,trans-2-hexenol,,https://www.chemnet.com/Global/Products/trans-2-hexenol/Suppliers-0-0.html,10,raw/chemnet_com/_Global_Products_trans-2-hexenol_Suppliers-0-0.html__https_www.chemnet.com_Global_Products_trans-2-hexenol_Suppliers-0-0.html__e509bde28975.html,2026-04-24T17:27:38+00:00
257,trans-2-hexenyl ac...,,https://www.chemnet.com/Global/Products/trans-2-hexenyl-acetate/Suppliers-0-0.html,10,raw/chemnet_com/_Global_Products_trans-2-hexenyl-acetate_Suppliers-0-0.html__https_www.chemnet.com_Global_Products_trans-2-hexenyl-acetate_Suppliers-0-0.html__af23fc9fb088.html,2026-04-24T17:27:40+00:00
258,ACE K ARTIFICIAL S...,,https://www.chemnet.com/Global/Products/ace-k-artificial-sweetener/Suppliers-0-0.html,1,raw/chemnet_com/_Global_Products_ace-k-artificial-sweetener_Suppliers-0-0.html__https_www.chemnet.com_Global_Products_ace-k-artificial-sweetener_Suppliers-0-0.h__4a307bd2e82e.html,2026-04-24T17:27:42+00:00
259,Aluminum Sulfate,,https://www.chemnet.com/Global/Products/aluminum-sulfate/Suppliers-0-0.html,10,raw/chemnet_com/_Global_Products_aluminum-sulfate_Suppliers-0-0.html__https_www.chemnet.com_Global_Products_aluminum-sulfate_Suppliers-0-0.html__970bbeb213b2.html,2026-04-24T17:28:29+00:00
260,Ferric Chloride,,https://www.chemnet.com/Global/Products/ferric-chloride/Suppliers-0-0.html,10,raw/chemnet_com/_Global_Products_ferric-chloride_Suppliers-0-0.html__https_www.chemnet.com_Global_Products_ferric-chloride_Suppliers-0-0.html__17ae38406c35.html,2026-04-24T17:28:31+00:00
261,Hydrogen Peroxide,,https://www.chemnet.com/Global/Products/hydrogen-peroxide/Suppliers-0-0.html,10,raw/chemnet_com/_Global_Products_hydrogen-peroxide_Suppliers-0-0.html__https_www.chemnet.com_Global_Products_hydrogen-peroxide_Suppliers-0-0.html__243bf4b34f08.html,2026-04-24T17:28:33+00:00
262,Sodium Nitrite,,https://www.chemnet.com/Global/Products/sodium-nitrite/Suppliers-0-0.html,10,raw/chemnet_com/_Global_Products_sodium-nitrite_Suppliers-0-0.html__https_www.chemnet.com_Global_Products_sodium-nitrite_Suppliers-0-0.html__ab453aee4d76.html,2026-04-24T17:28:35+00:00
263,Soda Ash,,https://www.chemnet.com/Global/Products/soda-ash/Suppliers-0-0.html,10,raw/chemnet_com/_Global_Products_soda-ash_Suppliers-0-0.html__https_www.chemnet.com_Global_Products_soda-ash_Suppliers-0-0.html__56896bf656f9.html,2026-04-24T17:28:37+00:00
264,2-Acetylpyrazine,,https://www.chemnet.com/Global/Products/2-acetylpyrazine/Suppliers-0-0.html,10,raw/chemnet_com/_Global_Products_2-acetylpyrazine_Suppliers-0-0.html__https_www.chemnet.com_Global_Products_2-acetylpyrazine_Suppliers-0-0.html__e2ad0a9dbb3f.html,2026-04-24T17:28:39+00:00
265,2-Acetylpyridine,,https://www.chemnet.com/Global/Products/2-acetylpyridine/Suppliers-0-0.html,10,raw/chemnet_com/_Global_Products_2-acetylpyridine_Suppliers-0-0.html__https_www.chemnet.com_Global_Products_2-acetylpyridine_Suppliers-0-0.html__67536f6a55d3.html,2026-04-24T17:28:41+00:00
266,2-Acetylpyrrole,,https://www.chemnet.com/Global/Products/2-acetylpyrrole/Suppliers-0-0.html,10,raw/chemnet_com/_Global_Products_2-acetylpyrrole_Suppliers-0-0.html__https_www.chemnet.com_Global_Products_2-acetylpyrrole_Suppliers-0-0.html__626d8d0de19a.html,2026-04-24T17:28:43+00:00
267,2-Acetylthiazole,,https://www.chemnet.com/Global/Products/2-acetylthiazole/Suppliers-0-0.html,10,raw/chemnet_com/_Global_Products_2-acetylthiazole_Suppliers-0-0.html__https_www.chemnet.com_Global_Products_2-acetylthiazole_Suppliers-0-0.html__44c45e9ecfb3.html,2026-04-24T17:28:45+00:00
268,3-Acetylpyridine,,https://www.chemnet.com/Global/Products/3-acetylpyridine/Suppliers-0-0.html,10,raw/chemnet_com/_Global_Products_3-acetylpyridine_Suppliers-0-0.html__https_www.chemnet.com_Global_Products_3-acetylpyridine_Suppliers-0-0.html__26bae1a45228.html,2026-04-24T17:28:47+00:00
269,AMMONIUM ACETATE,,https://www.chemnet.com/Global/Products/ammonium-acetate/Suppliers-0-0.html,10,raw/chemnet_com/_Global_Products_ammonium-acetate_Suppliers-0-0.html__https_www.chemnet.com_Global_Products_ammonium-acetate_Suppliers-0-0.html__fe44fed3dead.html,2026-04-24T17:28:49+00:00
270,AMMONIUM CHLORIDE,,https://www.chemnet.com/Global/Products/ammonium-chloride/Suppliers-0-0.html,10,raw/chemnet_com/_Global_Products_ammonium-chloride_Suppliers-0-0.html__https_www.chemnet.com_Global_Products_ammonium-chloride_Suppliers-0-0.html__b50c90570ea8.html,2026-04-24T17:28:51+00:00
271,AMMONIUM HYDROXIDE,,https://www.chemnet.com/Global/Products/ammonium-hydroxide/Suppliers-0-0.html,10,raw/chemnet_com/_Global_Products_ammonium-hydroxide_Suppliers-0-0.html__https_www.chemnet.com_Global_Products_ammonium-hydroxide_Suppliers-0-0.html__4b1bf87fabce.html,2026-04-24T17:28:53+00:00
272,AMMONIUM NITRATE,,https://www.chemnet.com/Global/Products/ammonium-nitrate/Suppliers-0-0.html,10,raw/chemnet_com/_Global_Products_ammonium-nitrate_Suppliers-0-0.html__https_www.chemnet.com_Global_Products_ammonium-nitrate_Suppliers-0-0.html__0b8b130e758f.html,2026-04-24T17:28:55+00:00
273,Calcium Chloride,,https://www.chemnet.com/Global/Products/calcium-chloride/Suppliers-0-0.html,10,raw/chemnet_com/_Global_Products_calcium-chloride_Suppliers-0-0.html__https_www.chemnet.com_Global_Products_calcium-chloride_Suppliers-0-0.html__19f0c5ac24c8.html,2026-04-24T17:28:57+00:00
274,Barium Chloride,,https://www.chemnet.com/Global/Products/barium-chloride/Suppliers-0-0.html,10,raw/chemnet_com/_Global_Products_barium-chloride_Suppliers-0-0.html__https_www.chemnet.com_Global_Products_barium-chloride_Suppliers-0-0.html__6441b5ac01e3.html,2026-04-24T17:28:59+00:00
275,Boric Acid,,https://www.chemnet.com/Global/Products/boric-acid/Suppliers-0-0.html,10,raw/chemnet_com/_Global_Products_boric-acid_Suppliers-0-0.html__https_www.chemnet.com_Global_Products_boric-acid_Suppliers-0-0.html__55c69c470c0f.html,2026-04-24T17:29:01+00:00
276,Copper Chloride,,https://www.chemnet.com/Global/Products/copper-chloride/Suppliers-0-0.html,10,raw/chemnet_com/_Global_Products_copper-chloride_Suppliers-0-0.html__https_www.chemnet.com_Global_Products_copper-chloride_Suppliers-0-0.html__e411c275b034.html,2026-04-24T17:29:03+00:00
277,Ascorbic Acid,,https://www.chemnet.com/Global/Products/ascorbic-acid/Suppliers-0-0.html,10,raw/chemnet_com/_Global_Products_ascorbic-acid_Suppliers-0-0.html__https_www.chemnet.com_Global_Products_ascorbic-acid_Suppliers-0-0.html__dd0a73c54848.html,2026-04-24T17:29:05+00:00
278,"1,3-PROPANEDIOL",,"https://www.chemnet.com/Global/Products/1,3-propanediol/Suppliers-0-0.html",10,raw/chemnet_com/_Global_Products_1_3-propanediol_Suppliers-0-0.html__https_www.chemnet.com_Global_Products_1_3-propanediol_Suppliers-0-0.html__e4fa79871b50.html,2026-04-24T17:29:07+00:00
279,BENZALKONIUM CHLOR...,,https://www.chemnet.com/Global/Products/benzalkonium-chloride/Suppliers-0-0.html,10,raw/chemnet_com/_Global_Products_benzalkonium-chloride_Suppliers-0-0.html__https_www.chemnet.com_Global_Products_benzalkonium-chloride_Suppliers-0-0.html__e407df4a5f5b.html,2026-04-24T17:29:09+00:00
280,n-OCTANE,,https://www.chemnet.com/Global/Products/n-octane/Suppliers-0-0.html,10,raw/chemnet_com/_Global_Products_n-octane_Suppliers-0-0.html__https_www.chemnet.com_Global_Products_n-octane_Suppliers-0-0.html__d97b8da87cf1.html,2026-04-24T17:29:11+00:00
281,p-CHLORO-m-CRESOL,,https://www.chemnet.com/Global/Products/p-chloro-m-cresol/Suppliers-0-0.html,10,raw/chemnet_com/_Global_Products_p-chloro-m-cresol_Suppliers-0-0.html__https_www.chemnet.com_Global_Products_p-chloro-m-cresol_Suppliers-0-0.html__8f8ceed080ac.html,2026-04-24T17:29:13+00:00
282,PHENYLACETYL CHLOR...,,https://www.chemnet.com/Global/Products/phenylacetyl-chloride/Suppliers-0-0.html,10,raw/chemnet_com/_Global_Products_phenylacetyl-chloride_Suppliers-0-0.html__https_www.chemnet.com_Global_Products_phenylacetyl-chloride_Suppliers-0-0.html__c711cb0c3868.html,2026-04-24T17:29:15+00:00
283,Paraxylene,,https://www.chemnet.com/Global/Products/paraxylene/Suppliers-0-0.html,10,raw/chemnet_com/_Global_Products_paraxylene_Suppliers-0-0.html__https_www.chemnet.com_Global_Products_paraxylene_Suppliers-0-0.html__9c93b51accd0.html,2026-04-24T17:29:17+00:00
284,Naphthalene dicarb...,,https://www.chemnet.com/Global/Products/naphthalene-dicarboxylate/Suppliers-0-0.html,2,raw/chemnet_com/_Global_Products_naphthalene-dicarboxylate_Suppliers-0-0.html__https_www.chemnet.com_Global_Products_naphthalene-dicarboxylate_Suppliers-0-0.ht__81f88fe96d13.html,2026-04-24T17:29:19+00:00
285,Metaxylene,,https://www.chemnet.com/Global/Products/metaxylene/Suppliers-0-0.html,10,raw/chemnet_com/_Global_Products_metaxylene_Suppliers-0-0.html__https_www.chemnet.com_Global_Products_metaxylene_Suppliers-0-0.html__c8c725f088a7.html,2026-04-24T17:29:21+00:00
286,Zirconium silicate,,https://www.chemnet.com/Global/Products/zirconium-silicate/Suppliers-0-0.html,10,raw/chemnet_com/_Global_Products_zirconium-silicate_Suppliers-0-0.html__https_www.chemnet.com_Global_Products_zirconium-silicate_Suppliers-0-0.html__e31da9f248f7.html,2026-04-24T17:29:23+00:00
287,Sodium Carbonate,,https://www.chemnet.com/Global/Products/sodium-carbonate/Suppliers-0-0.html,10,raw/chemnet_com/_Global_Products_sodium-carbonate_Suppliers-0-0.html__https_www.chemnet.com_Global_Products_sodium-carbonate_Suppliers-0-0.html__3c4411d63adc.html,2026-04-24T17:29:25+00:00
288,Phthalic Anhydride,,https://www.chemnet.com/Global/Products/phthalic-anhydride/Suppliers-0-0.html,10,raw/chemnet_com/_Global_Products_phthalic-anhydride_Suppliers-0-0.html__https_www.chemnet.com_Global_Products_phthalic-anhydride_Suppliers-0-0.html__0e4ac540951a.html,2026-04-24T17:29:27+00:00
289,Carbon Black,,https://www.chemnet.com/Global/Products/carbon-black/Suppliers-0-0.html,10,raw/chemnet_com/_Global_Products_carbon-black_Suppliers-0-0.html__https_www.chemnet.com_Global_Products_carbon-black_Suppliers-0-0.html__096fc1764d6d.html,2026-04-24T17:29:29+00:00
290,Dilute Acetic Acid,,https://www.chemnet.com/Global/Products/dilute-acetic-acid/Suppliers-0-0.html,2,raw/chemnet_com/_Global_Products_dilute-acetic-acid_Suppliers-0-0.html__https_www.chemnet.com_Global_Products_dilute-acetic-acid_Suppliers-0-0.html__7017674fdcac.html,2026-04-24T17:29:31+00:00
291,Acetaldehyde,,https://www.chemnet.com/Global/Products/acetaldehyde/Suppliers-0-0.html,10,raw/chemnet_com/_Global_Products_acetaldehyde_Suppliers-0-0.html__https_www.chemnet.com_Global_Products_acetaldehyde_Suppliers-0-0.html__04598a4e0ec5.html,2026-04-24T17:29:33+00:00
292,Glacial Acetic Aci...,,https://www.chemnet.com/Global/Products/glacial-acetic-acid/Suppliers-0-0.html,10,raw/chemnet_com/_Global_Products_glacial-acetic-acid_Suppliers-0-0.html__https_www.chemnet.com_Global_Products_glacial-acetic-acid_Suppliers-0-0.html__60adc6b5237c.html,2026-04-24T17:29:35+00:00
293,p-Benzoquinone,,https://www.chemnet.com/Global/Products/p-benzoquinone/Suppliers-0-0.html,10,raw/chemnet_com/_Global_Products_p-benzoquinone_Suppliers-0-0.html__https_www.chemnet.com_Global_Products_p-benzoquinone_Suppliers-0-0.html__fd0a21f5da67.html,2026-04-24T17:29:37+00:00
294,Acetonitrile,,https://www.chemnet.com/Global/Products/acetonitrile/Suppliers-0-0.html,10,raw/chemnet_com/_Global_Products_acetonitrile_Suppliers-0-0.html__https_www.chemnet.com_Global_Products_acetonitrile_Suppliers-0-0.html__cfb25e8a9d25.html,2026-04-24T17:29:39+00:00
295,Aluminum Chloride,,https://www.chemnet.com/Global/Products/aluminum-chloride/Suppliers-0-0.html,10,raw/chemnet_com/_Global_Products_aluminum-chloride_Suppliers-0-0.html__https_www.chemnet.com_Global_Products_aluminum-chloride_Suppliers-0-0.html__4cfc7b6c277c.html,2026-04-24T17:29:41+00:00
296,Acetamide,,https://www.chemnet.com/Global/Products/acetamide/Suppliers-0-0.html,10,raw/chemnet_com/_Global_Products_acetamide_Suppliers-0-0.html__https_www.chemnet.com_Global_Products_acetamide_Suppliers-0-0.html__0e62295ba68f.html,2026-04-24T17:29:43+00:00
297,Acetic acid glacia...,,https://www.chemnet.com/Global/Products/acetic-acid-glacial/Suppliers-0-0.html,10,raw/chemnet_com/_Global_Products_acetic-acid-glacial_Suppliers-0-0.html__https_www.chemnet.com_Global_Products_acetic-acid-glacial_Suppliers-0-0.html__7902bb22b7da.html,2026-04-24T17:29:45+00:00
298,Acid mixture,,https://www.chemnet.com/Global/Products/acid-mixture/Suppliers-0-0.html,1,raw/chemnet_com/_Global_Products_acid-mixture_Suppliers-0-0.html__https_www.chemnet.com_Global_Products_acid-mixture_Suppliers-0-0.html__59e23b9da3e6.html,2026-04-24T17:29:47+00:00
299,Acarbose,,https://www.chemnet.com/Global/Products/acarbose/Suppliers-0-0.html,10,raw/chemnet_com/_Global_Products_acarbose_Suppliers-0-0.html__https_www.chemnet.com_Global_Products_acarbose_Suppliers-0-0.html__77ab0ab86834.html,2026-04-24T17:29:49+00:00
300,Acacia,,https://www.chemnet.com/Global/Products/acacia/Suppliers-0-0.html,10,raw/chemnet_com/_Global_Products_acacia_Suppliers-0-0.html__https_www.chemnet.com_Global_Products_acacia_Suppliers-0-0.html__fbaad8eca0dc.html,2026-04-24T17:29:51+00:00
301,Aceclofenac,,https://www.chemnet.com/Global/Products/aceclofenac/Suppliers-0-0.html,10,raw/chemnet_com/_Global_Products_aceclofenac_Suppliers-0-0.html__https_www.chemnet.com_Global_Products_aceclofenac_Suppliers-0-0.html__a66101408d16.html,2026-04-24T17:29:53+00:00
302,CYCLOHEXANE,,https://www.chemnet.com/Global/Products/cyclohexane/Suppliers-0-0.html,10,raw/chemnet_com/_Global_Products_cyclohexane_Suppliers-0-0.html__https_www.chemnet.com_Global_Products_cyclohexane_Suppliers-0-0.html__83fc345a180e.html,2026-04-24T17:29:55+00:00
303,HEPTANE,,https://www.chemnet.com/Global/Products/heptane/Suppliers-0-0.html,10,raw/chemnet_com/_Global_Products_heptane_Suppliers-0-0.html__https_www.chemnet.com_Global_Products_heptane_Suppliers-0-0.html__e1d3cb1a0d18.html,2026-04-24T17:29:57+00:00
304,HEXANE,,https://www.chemnet.com/Global/Products/hexane/Suppliers-0-0.html,10,raw/chemnet_com/_Global_Products_hexane_Suppliers-0-0.html__https_www.chemnet.com_Global_Products_hexane_Suppliers-0-0.html__2ffcfb08444d.html,2026-04-24T17:29:59+00:00
305,MINERAL SEAL OIL,,https://www.chemnet.com/Global/Products/mineral-seal-oil/Suppliers-0-0.html,10,raw/chemnet_com/_Global_Products_mineral-seal-oil_Suppliers-0-0.html__https_www.chemnet.com_Global_Products_mineral-seal-oil_Suppliers-0-0.html__30bb2c61a211.html,2026-04-24T17:30:01+00:00
